2019-04-29 20:31:56.827604,0.00011148
2019-04-29 20:31:59.253604,0.00011148
2019-04-29 20:32:00.523604,0.00011148
2019-04-29 20:32:01.819604,0.00011148
2019-04-29 20:32:03.107604,0.00011148
2019-04-29 20:32:04.391604,0.00011148
2019-04-29 20:32:05.696604,0.00011148
2019-04-29 20:32:06.980604,0.00011148
2019-04-29 20:32:08.256604,0.00011148
2019-04-29 20:32:09.534604,0.00011148
2019-04-29 20:32:10.819604,0.00011148
2019-04-29 20:32:12.091604,0.00011148
2019-04-29 20:32:13.376604,0.00011148
2019-04-29 20:32:14.677604,0.00011148
2019-04-29 20:32:15.971604,0.00011148
2019-04-29 20:32:17.327604,0.00011148
2019-04-29 20:32:18.734604,0.00011148
2019-04-29 20:32:20.247604,0.00011148
2019-04-29 20:32:21.503604,0.00011148
2019-04-29 20:32:22.764604,0.00011148
2019-04-29 20:32:24.052604,0.00011148
2019-04-29 20:32:25.319604,0.00011148
2019-04-29 20:32:26.874604,0.00011148
2019-04-29 20:32:28.185604,0.00011148
2019-04-29 20:32:29.458604,0.00011148
2019-04-29 20:32:30.759604,0.00011148
2019-04-29 20:32:32.058604,0.00011148
2019-04-29 20:32:33.374604,0.00011148
2019-04-29 20:32:34.696604,0.00011148
2019-04-29 20:32:35.971604,0.00011148
2019-04-29 20:32:37.268604,0.00011148
2019-04-29 20:32:38.530604,0.00011148
2019-04-29 20:32:39.838604,0.00011148
2019-04-29 20:32:41.159604,0.00011148
2019-04-29 20:32:42.434604,0.00011148
2019-04-29 20:32:43.699604,0.00011148
2019-04-29 20:32:44.967604,0.00011148
2019-04-29 20:32:46.222604,0.00011148
2019-04-29 20:32:47.492604,0.00011148
2019-04-29 20:32:48.801604,0.00011148
2019-04-29 20:32:50.243604,0.00011148
2019-04-29 20:32:51.810604,0.00011148
2019-04-29 20:32:53.394604,0.00011148
2019-04-29 20:32:55.041604,0.00011148
2019-04-29 20:32:56.539604,0.00011148
2019-04-29 20:32:57.805604,0.00011148
2019-04-29 20:32:59.098604,0.00011148
2019-04-29 20:33:00.372604,0.00011148
2019-04-29 20:33:01.679604,0.00011148
2019-04-29 20:33:03.007604,0.00011148
2019-04-29 20:33:04.284604,0.00011148
2019-04-29 20:33:05.559604,0.00011148
2019-04-29 20:33:06.881604,0.00011148
2019-04-29 20:33:08.167604,0.00011148
2019-04-29 20:33:09.487604,0.00011148
2019-04-29 20:33:10.849604,0.00011148
2019-04-29 20:33:12.117604,0.00011148
2019-04-29 20:33:13.384604,0.00011148
2019-04-29 20:33:14.674604,0.00011148
2019-04-29 20:33:16.962604,0.00011148
2019-04-29 20:33:18.334604,0.00011148
2019-04-29 20:33:19.686604,0.00011148
2019-04-29 20:33:20.979604,0.00011148
2019-04-29 20:33:22.274604,0.00011148
2019-04-29 20:33:23.539604,0.00011148
2019-04-29 20:33:25.110604,0.00011148
2019-04-29 20:33:26.422604,0.00011148
2019-04-29 20:33:27.731604,0.00011148
2019-04-29 20:33:29.026604,0.00011148
2019-04-29 20:33:30.292604,0.00011148
2019-04-29 20:33:31.562604,0.00011148
2019-04-29 20:33:32.916604,0.00011148
2019-04-29 20:33:34.226604,0.00011148
2019-04-29 20:33:35.526604,0.00011148
2019-04-29 20:33:36.810604,0.00011148
2019-04-29 20:33:38.104604,0.00011148
2019-04-29 20:33:39.380604,0.00011148
2019-04-29 20:33:40.640604,0.00011148
2019-04-29 20:33:41.897604,0.00011148
2019-04-29 20:33:43.154604,0.00011148
2019-04-29 20:33:44.412604,0.00011148
2019-04-29 20:33:45.718604,0.00011148
2019-04-29 20:33:46.998604,0.00011148
2019-04-29 20:33:48.277604,0.00011148
2019-04-29 20:33:49.588604,0.00011148
2019-04-29 20:33:50.856604,0.00011148
2019-04-29 20:33:52.186604,0.00011148
2019-04-29 20:33:53.465604,0.00011148
2019-04-29 20:33:54.788604,0.00011149
2019-04-29 20:33:56.055604,0.00011149
2019-04-29 20:33:57.364604,0.00011156
2019-04-29 20:33:58.652604,0.00011156
2019-04-29 20:33:59.932604,0.00011156
2019-04-29 20:34:01.263604,0.00011156
2019-04-29 20:34:02.582604,0.00011156
2019-04-29 20:34:03.891604,0.00011211
2019-04-29 20:34:05.154604,0.00011211
2019-04-29 20:34:06.455604,0.00011211
2019-04-29 20:34:07.718604,0.00011211
2019-04-29 20:34:08.992604,0.00011211
2019-04-29 20:34:10.270604,0.00011211
2019-04-29 20:34:11.557604,0.00011211
2019-04-29 20:34:12.810604,0.00011211
2019-04-29 20:34:14.110604,0.00011211
2019-04-29 20:34:15.400604,0.00011211
2019-04-29 20:34:16.679604,0.00011211
2019-04-29 20:34:17.963604,0.00011211
2019-04-29 20:34:19.235604,0.00011211
2019-04-29 20:34:20.533604,0.00011211
2019-04-29 20:34:21.798604,0.00011211
2019-04-29 20:34:23.076604,0.00011211
2019-04-29 20:34:24.652604,0.00011211
2019-04-29 20:34:25.959604,0.00011211
2019-04-29 20:34:27.267604,0.00011211
2019-04-29 20:34:28.540604,0.00011211
2019-04-29 20:34:29.860604,0.00011211
2019-04-29 20:34:31.173604,0.00011211
2019-04-29 20:34:32.425604,0.00011211
2019-04-29 20:34:33.674604,0.00011211
2019-04-29 20:34:34.929604,0.00011211
2019-04-29 20:34:36.187604,0.00011211
2019-04-29 20:34:38.163604,0.00011211
2019-04-29 20:34:39.438604,0.00011211
2019-04-29 20:34:40.701604,0.00011211
2019-04-29 20:34:42.021604,0.00011211
2019-04-29 20:34:43.280604,0.00011211
2019-04-29 20:34:44.603604,0.00011211
2019-04-29 20:34:45.871604,0.00011211
2019-04-29 20:34:47.169604,0.00011211
2019-04-29 20:34:48.426604,0.00011211
2019-04-29 20:34:49.734604,0.00011211
2019-04-29 20:34:50.993604,0.00011211
2019-04-29 20:34:52.274604,0.00011211
2019-04-29 20:34:53.574604,0.00011211
2019-04-29 20:34:54.848604,0.00011211
2019-04-29 20:34:56.135604,0.00011211
2019-04-29 20:34:57.441604,0.00011211
2019-04-29 20:34:58.910604,0.00011211
2019-04-29 20:35:00.195604,0.00011211
2019-04-29 20:35:01.463604,0.00011211
2019-04-29 20:35:02.751604,0.00011211
2019-04-29 20:35:04.346604,0.00011211
2019-04-29 20:35:05.590604,0.00011211
2019-04-29 20:35:06.883604,0.00011211
2019-04-29 20:35:08.193604,0.00011211
2019-04-29 20:35:09.483604,0.00011211
2019-04-29 20:35:10.756604,0.00011211
2019-04-29 20:35:12.049604,0.00011211
2019-04-29 20:35:13.344604,0.00011211
2019-04-29 20:35:14.608604,0.00011211
2019-04-29 20:35:15.883604,0.00011211
2019-04-29 20:35:17.126604,0.00011211
2019-04-29 20:35:18.396604,0.00011211
2019-04-29 20:35:19.673604,0.00011211
2019-04-29 20:35:21.001604,0.00011211
2019-04-29 20:35:22.240604,0.00011211
2019-04-29 20:35:23.752604,0.00011211
2019-04-29 20:35:25.041604,0.00011211
2019-04-29 20:35:26.307604,0.00011211
2019-04-29 20:35:27.581604,0.00011211
2019-04-29 20:35:28.855604,0.00011211
2019-04-29 20:35:30.103604,0.00011211
2019-04-29 20:35:31.360604,0.00011211
2019-04-29 20:35:32.618604,0.00011211
2019-04-29 20:35:33.925604,0.00011211
2019-04-29 20:35:35.208604,0.00011211
2019-04-29 20:35:36.768604,0.00011211
2019-04-29 20:35:38.052604,0.00011211
2019-04-29 20:35:39.318604,0.00011211
2019-04-29 20:35:40.603604,0.00011211
2019-04-29 20:35:41.889604,0.00011211
2019-04-29 20:35:43.155604,0.00011211
2019-04-29 20:35:44.449604,0.00011211
2019-04-29 20:35:45.735604,0.00011211
2019-04-29 20:35:47.024604,0.00011211
2019-04-29 20:35:48.313604,0.00011211
2019-04-29 20:35:49.606604,0.00011211
2019-04-29 20:43:51.863604,0.00011196
2019-04-29 20:43:53.328604,0.00011196
2019-04-29 20:43:54.735604,0.00011196
2019-04-29 20:43:56.141604,0.00011196
2019-04-29 20:43:57.531604,0.00011196
2019-04-29 20:43:58.912604,0.00011196
2019-04-29 20:44:00.274604,0.00011196
2019-04-29 20:44:01.647604,0.00011196
2019-04-29 20:44:03.305604,0.00011196
2019-04-29 20:44:04.680604,0.00011196
2019-04-29 20:44:06.070604,0.00011196
2019-04-29 20:44:07.436604,0.00011196
2019-04-29 20:44:08.844604,0.00011196
2019-04-29 20:44:10.233604,0.00011196
2019-04-29 20:44:11.600604,0.00011196
2019-04-29 20:44:13.010604,0.00011196
2019-04-29 20:44:14.392604,0.00011196
2019-04-29 20:44:15.777604,0.00011196
2019-04-29 20:44:17.160604,0.00011196
2019-04-29 20:44:18.541604,0.00011196
2019-04-29 20:44:19.917604,0.00011196
2019-04-29 20:44:21.278604,0.00011196
2019-04-29 20:44:22.661604,0.00011196
2019-04-29 20:44:24.044604,0.00011196
2019-04-29 20:44:25.444604,0.00011196
2019-04-29 20:44:26.997604,0.00011196
2019-04-29 20:44:28.371604,0.00011196
2019-04-29 20:44:29.800604,0.00011196
2019-04-29 20:44:31.167604,0.00011196
2019-04-29 20:44:32.572604,0.00011196
2019-04-29 20:44:33.940604,0.00011196
2019-04-29 20:44:35.342604,0.00011196
2019-04-29 20:44:36.720604,0.00011196
2019-04-29 20:44:38.103604,0.00011196
2019-04-29 20:44:39.515604,0.00011196
2019-04-29 20:44:40.902604,0.00011196
2019-04-29 20:44:42.309604,0.00011196
2019-04-29 20:44:43.713604,0.00011196
2019-04-29 20:44:45.117604,0.00011196
2019-04-29 20:44:46.502604,0.00011196
2019-04-29 20:44:48.029604,0.00011196
2019-04-29 20:44:49.402604,0.00011196
2019-04-29 20:44:50.940604,0.00011196
2019-04-29 20:44:52.319604,0.00011196
2019-04-29 20:44:53.734604,0.00011196
2019-04-29 20:44:55.093604,0.00011196
2019-04-29 20:44:56.500604,0.00011196
2019-04-29 20:44:58.088604,0.00011196
2019-04-29 20:44:59.467604,0.00011196
2019-04-29 20:45:00.825604,0.00011196
2019-04-29 20:45:02.185604,0.00011196
2019-04-29 20:45:03.537604,0.00011196
2019-04-29 20:45:04.906604,0.00011196
2019-04-29 20:45:06.289604,0.00011196
2019-04-29 20:45:07.661604,0.00011196
2019-04-29 20:45:09.037604,0.00011196
2019-04-29 20:45:10.466604,0.00011196
2019-04-29 20:45:11.943604,0.00011196
2019-04-29 20:45:13.324604,0.00011196
2019-04-29 20:45:14.686604,0.00011196
2019-04-29 20:45:16.064604,0.00011196
2019-04-29 20:45:17.430604,0.00011196
2019-04-29 20:45:18.811604,0.00011196
2019-04-29 20:45:20.204604,0.00011196
2019-04-29 20:45:21.591604,0.00011196
2019-04-29 20:45:22.963604,0.00011196
2019-04-29 20:45:24.352604,0.00011196
2019-04-29 20:45:25.704604,0.00011196
2019-04-29 20:45:27.094604,0.00011196
2019-04-29 20:45:28.470604,0.00011196
2019-04-29 20:45:29.923604,0.00011196
2019-04-29 20:45:31.597604,0.00011196
2019-04-29 20:45:32.984604,0.00011196
2019-04-29 20:45:34.405604,0.00011196
2019-04-29 20:45:35.899604,0.00011196
2019-04-29 20:45:37.281604,0.00011196
2019-04-29 20:45:38.972604,0.00011196
2019-04-29 20:45:40.373604,0.00011196
2019-04-29 20:45:41.863604,0.00011196
2019-04-29 20:45:43.237604,0.00011196
2019-04-29 20:45:44.646604,0.00011196
2019-04-29 20:45:46.023604,0.00011196
2019-04-29 20:45:47.696604,0.00011196
2019-04-29 20:45:49.092604,0.00011196
2019-04-29 20:45:50.455604,0.00011196
2019-04-29 20:45:51.932604,0.00011196
2019-04-29 20:45:53.331604,0.00011196
2019-04-29 20:45:54.699604,0.00011196
2019-04-29 20:45:56.072604,0.00011196
2019-04-29 20:45:57.442604,0.00011196
2019-04-29 20:45:58.838604,0.00011196
2019-04-29 20:46:00.230604,0.00011196
2019-04-29 20:46:01.615604,0.00011196
2019-04-29 20:46:02.979604,0.00011196
2019-04-29 20:46:04.378604,0.00011196
2019-04-29 20:46:05.934604,0.00011196
2019-04-29 20:46:07.341604,0.00011196
2019-04-29 20:46:08.722604,0.00011196
2019-04-29 20:46:10.137604,0.00011196
2019-04-29 20:46:11.540604,0.00011196
2019-04-29 20:46:12.910604,0.00011196
2019-04-29 20:46:14.307604,0.00011196
2019-04-29 20:46:15.684604,0.00011196
2019-04-29 20:46:17.045604,0.00011196
2019-04-29 20:46:18.390604,0.00011196
2019-04-29 20:46:19.770604,0.00011196
2019-04-29 20:46:21.151604,0.00011196
2019-04-29 20:46:22.516604,0.00011196
2019-04-29 20:46:23.922604,0.00011196
2019-04-29 20:46:25.329604,0.00011196
2019-04-29 20:46:26.705604,0.00011196
2019-04-29 20:46:28.101604,0.00011196
2019-04-29 20:46:29.462604,0.00011196
2019-04-29 20:46:31.178604,0.00011196
2019-04-29 20:46:32.609604,0.00011196
2019-04-29 20:46:34.268604,0.00011196
2019-04-29 20:46:35.641604,0.00011196
2019-04-29 20:46:37.037604,0.00011196
2019-04-29 20:46:38.414604,0.00011196
2019-04-29 20:46:39.808604,0.00011196
2019-04-29 20:46:41.462604,0.00011196
2019-04-29 20:46:42.852604,0.00011196
2019-04-29 20:46:44.272604,0.00011196
2019-04-29 20:46:45.636604,0.00011196
2019-04-29 20:46:47.225604,0.00011196
2019-04-29 20:46:48.600604,0.00011196
2019-04-29 20:46:49.972604,0.00011196
2019-04-29 20:46:51.322604,0.00011196
2019-04-29 20:46:52.700604,0.00011196
2019-04-29 20:46:54.053604,0.00011196
2019-04-29 20:46:55.454604,0.00011196
2019-04-29 20:46:56.830604,0.00011196
2019-04-29 20:46:58.206604,0.00011196
2019-04-29 20:46:59.585604,0.00011196
2019-04-29 20:47:01.044604,0.00011196
2019-04-29 20:47:02.422604,0.00011196
2019-04-29 20:47:03.798604,0.00011196
2019-04-29 20:47:05.200604,0.00011196
2019-04-29 20:47:06.621604,0.00011196
2019-04-29 20:47:07.999604,0.00011196
2019-04-29 20:47:09.371604,0.00011196
2019-04-29 20:47:10.762604,0.00011196
2019-04-29 20:47:12.112604,0.00011196
2019-04-29 20:47:13.510604,0.00011196
2019-04-29 20:47:14.887604,0.00011196
2019-04-29 20:47:16.297604,0.00011196
2019-04-29 20:47:17.640604,0.00011196
2019-04-29 20:47:18.977604,0.00011196
2019-04-29 20:47:20.363604,0.00011196
2019-04-29 20:47:21.743604,0.00011196
2019-04-29 20:47:23.128604,0.00011196
2019-04-29 20:47:24.477604,0.00011196
2019-04-29 20:47:25.989604,0.00011196
2019-04-29 20:47:27.686604,0.00011196
2019-04-29 20:47:29.106604,0.00011196
2019-04-29 20:47:30.713604,0.00011196
2019-04-29 20:47:32.090604,0.00011196
2019-04-29 20:47:33.494604,0.00011196
2019-04-29 20:47:34.866604,0.00011196
2019-04-29 20:47:36.269604,0.00011196
2019-04-29 20:47:37.668604,0.00011196
2019-04-29 20:47:39.141604,0.00011196
2019-04-29 20:47:40.552604,0.00011196
2019-04-29 20:47:41.950604,0.00011196
2019-04-29 20:47:43.370604,0.00011196
2019-04-29 20:47:44.825604,0.00011196
2019-04-29 20:47:46.258604,0.00011196
2019-04-29 20:47:47.600604,0.00011196
2019-04-29 20:47:49.045604,0.00011196
2019-04-29 20:47:50.410604,0.00011196
2019-04-29 20:47:51.865604,0.00011196
2019-04-29 20:47:53.263604,0.00011196
2019-04-29 20:47:54.648604,0.00011196
2019-04-29 20:47:56.056604,0.00011196
2019-04-29 20:47:57.403604,0.00011196
2019-04-29 20:47:58.799604,0.00011196
2019-04-29 20:48:00.132604,0.00011196
2019-04-29 20:48:01.507604,0.00011196
2019-04-29 20:48:02.870604,0.00011196
2019-04-29 20:48:04.253604,0.00011196
2019-04-29 20:48:05.664604,0.00011196
2019-04-29 20:48:07.058604,0.00011196
2019-04-29 20:48:08.445604,0.00011196
2019-04-29 20:48:10.088604,0.00011196
2019-04-29 20:48:11.455604,0.00011196
2019-04-29 20:48:12.784604,0.00011196
2019-04-29 20:48:14.174604,0.00011196
2019-04-29 20:48:15.558604,0.00011196
2019-04-29 20:48:16.934604,0.00011196
2019-04-29 20:48:18.300604,0.00011196
2019-04-29 20:48:19.635604,0.00011196
2019-04-29 20:48:20.995604,0.00011196
2019-04-29 20:48:22.398604,0.00011196
2019-04-29 20:48:23.814604,0.00011196
2019-04-29 20:48:25.269604,0.00011196
2019-04-29 20:48:27.005604,0.00011196
2019-04-29 20:48:28.400604,0.00011196
2019-04-29 20:48:30.144604,0.00011196
2019-04-29 20:48:31.451604,0.00011196
2019-04-29 20:48:32.855604,0.00011196
2019-04-29 20:48:34.272604,0.00011196
2019-04-29 20:48:35.662604,0.00011196
2019-04-29 20:48:37.000604,0.00011196
2019-04-29 20:48:38.413604,0.00011196
2019-04-29 20:48:39.844604,0.00011196
2019-04-29 20:48:41.236604,0.00011196
2019-04-29 20:48:42.688604,0.00011196
2019-04-29 20:48:44.033604,0.00011196
2019-04-29 20:48:45.399604,0.00011196
2019-04-29 20:48:46.752604,0.00011196
2019-04-29 20:48:48.177604,0.00011196
2019-04-29 20:48:49.575604,0.00011196
2019-04-29 20:48:51.080604,0.00011196
2019-04-29 20:48:52.465604,0.00011196
2019-04-29 20:48:54.717604,0.00011196
2019-04-29 20:48:56.031604,0.00011196
2019-04-29 20:48:57.411604,0.00011196
2019-04-29 20:48:58.792604,0.00011196
2019-04-29 20:49:00.084604,0.00011196
2019-04-29 20:49:01.477604,0.00011196
2019-04-29 20:49:02.833604,0.00011196
2019-04-29 20:49:04.226604,0.00011196
2019-04-29 20:49:05.603604,0.00011196
2019-04-29 20:49:06.990604,0.00011196
2019-04-29 20:49:08.384604,0.00011196
2019-04-29 20:49:09.816604,0.00011196
2019-04-29 20:49:11.189604,0.00011196
2019-04-29 20:49:12.576604,0.00011196
2019-04-29 20:49:13.994604,0.00011196
2019-04-29 20:49:15.378604,0.00011196
2019-04-29 20:49:16.715604,0.00011196
2019-04-29 20:49:18.379604,0.00011196
2019-04-29 20:49:19.762604,0.00011196
2019-04-29 20:49:21.154604,0.00011196
2019-04-29 20:49:23.113604,0.00011196
2019-04-29 20:49:24.914604,0.00011196
2019-04-29 20:49:26.571604,0.00011196
2019-04-29 20:49:28.399604,0.00011196
2019-04-29 20:49:30.197604,0.00011196
2019-04-29 20:49:31.591604,0.00011196
2019-04-29 20:49:32.988604,0.00011196
2019-04-29 20:49:34.354604,0.00011196
2019-04-29 20:49:35.968604,0.00011196
2019-04-29 20:49:37.377604,0.00011196
2019-04-29 20:49:38.782604,0.00011196
2019-04-29 20:49:40.163604,0.00011196
2019-04-29 20:49:41.509604,0.00011196
2019-04-29 20:49:42.887604,0.00011196
2019-04-29 20:49:44.228604,0.00011196
2019-04-29 20:49:45.599604,0.00011196
2019-04-29 20:49:47.015604,0.00011196
2019-04-29 20:49:48.402604,0.00011196
2019-04-29 20:49:49.954604,0.00011196
2019-04-29 20:49:51.339604,0.00011196
2019-04-29 20:49:52.754604,0.00011196
2019-04-29 20:49:54.236604,0.00011196
2019-04-29 20:49:55.570604,0.00011196
2019-04-29 20:49:56.951604,0.00011196
2019-04-29 20:49:58.291604,0.00011196
2019-04-29 20:49:59.678604,0.00011196
2019-04-29 20:50:01.025604,0.00011196
2019-04-29 20:50:02.406604,0.00011196
2019-04-29 20:50:03.924604,0.00011196
2019-04-29 20:50:05.318604,0.00011196
2019-04-29 20:50:06.673604,0.00011196
2019-04-29 20:50:08.002604,0.00011196
2019-04-29 20:50:09.407604,0.00011196
2019-04-29 20:50:10.731604,0.00011196
2019-04-29 20:50:12.314604,0.00011196
2019-04-29 20:50:13.689604,0.00011196
2019-04-29 20:50:15.083604,0.00011196
2019-04-29 20:50:16.463604,0.00011196
2019-04-29 20:50:17.871604,0.00011196
2019-04-29 20:50:19.252604,0.00011196
2019-04-29 20:50:20.808604,0.00011196
2019-04-29 20:50:22.275604,0.00011196
2019-04-29 20:50:23.608604,0.00011196
2019-04-29 20:50:25.223604,0.00011196
2019-04-29 20:50:26.594604,0.00011196
2019-04-29 20:50:27.942604,0.00011196
2019-04-29 20:50:29.655604,0.00011196
2019-04-29 20:50:31.030604,0.00011196
2019-04-29 20:50:32.709604,0.00011196
2019-04-29 20:50:34.046604,0.00011196
2019-04-29 20:50:35.405604,0.00011196
2019-04-29 20:50:36.831604,0.00011196
2019-04-29 20:50:38.220604,0.00011196
2019-04-29 20:50:39.611604,0.00011196
2019-04-29 20:50:41.039604,0.00011196
2019-04-29 20:50:43.011604,0.00011196
2019-04-29 20:50:44.398604,0.00011196
2019-04-29 20:50:45.838604,0.00011196
2019-04-29 20:50:47.230604,0.00011196
2019-04-29 20:50:48.621604,0.00011196
2019-04-29 20:50:49.997604,0.00011196
2019-04-29 20:50:51.342604,0.00011196
2019-04-29 20:50:52.734604,0.00011196
2019-04-29 20:50:54.122604,0.00011196
2019-04-29 20:50:55.525604,0.00011196
2019-04-29 20:50:56.892604,0.00011196
2019-04-29 20:50:58.245604,0.00011196
2019-04-29 20:50:59.613604,0.00011196
2019-04-29 20:51:00.943604,0.00011196
2019-04-29 20:51:02.305604,0.00011196
2019-04-29 20:51:03.665604,0.00011196
2019-04-29 20:51:05.069604,0.00011196
2019-04-29 20:51:06.459604,0.00011196
2019-04-29 20:51:07.825604,0.00011196
2019-04-29 20:51:09.175604,0.00011196
2019-04-29 20:51:10.782604,0.00011196
2019-04-29 20:51:12.210604,0.00011196
2019-04-29 20:51:13.568604,0.00011196
2019-04-29 20:51:14.938604,0.00011196
2019-04-29 20:51:16.349604,0.00011196
2019-04-29 20:51:18.043604,0.00011196
2019-04-29 20:51:19.451604,0.00011196
2019-04-29 20:51:20.854604,0.00011196
2019-04-29 20:51:22.240604,0.00011196
2019-04-29 20:51:23.617604,0.00011196
2019-04-29 20:51:25.007604,0.00011196
2019-04-29 20:51:26.387604,0.00011196
2019-04-29 20:51:28.117604,0.00011196
2019-04-29 20:51:29.456604,0.00011196
2019-04-29 20:51:30.815604,0.00011196
2019-04-29 20:51:32.153604,0.00011196
2019-04-29 20:51:33.497604,0.00011196
2019-04-29 20:51:34.789604,0.00011196
2019-04-29 20:51:36.233604,0.00011196
2019-04-29 20:51:37.578604,0.00011196
2019-04-29 20:51:39.048604,0.00011196
2019-04-29 20:51:40.463604,0.00011196
2019-04-29 20:51:42.245604,0.00011196
2019-04-29 20:51:43.573604,0.00011196
2019-04-29 20:51:45.038604,0.00011196
2019-04-29 20:51:46.421604,0.00011196
2019-04-29 20:51:47.807604,0.00011196
2019-04-29 20:51:49.171604,0.00011196
2019-04-29 20:51:50.613604,0.00011196
2019-04-29 20:51:52.181604,0.00011196
2019-04-29 20:51:53.554604,0.00011196
2019-04-29 20:51:54.973604,0.00011196
2019-04-29 20:51:56.340604,0.00011196
2019-04-29 20:51:57.850604,0.00011196
2019-04-29 20:51:59.240604,0.00011196
2019-04-29 20:52:00.608604,0.00011196
2019-04-29 20:52:01.936604,0.00011196
2019-04-29 20:52:03.332604,0.00011196
2019-04-29 20:52:04.723604,0.00011196
2019-04-29 20:52:06.040604,0.00011196
2019-04-29 20:52:07.428604,0.00011196
2019-04-29 20:52:08.827604,0.00011196
2019-04-29 20:52:10.219604,0.00011196
2019-04-29 20:52:11.601604,0.00011196
2019-04-29 20:52:12.984604,0.00011196
2019-04-29 20:52:14.384604,0.00011196
2019-04-29 20:52:15.808604,0.00011196
2019-04-29 20:52:17.205604,0.00011196
2019-04-29 20:52:18.581604,0.00011196
2019-04-29 20:52:19.999604,0.00011196
2019-04-29 20:52:21.400604,0.00011196
2019-04-29 20:52:22.915604,0.00011196
2019-04-29 20:52:24.718604,0.00011196
2019-04-29 20:52:26.105604,0.00011196
2019-04-29 20:52:27.642604,0.00011196
2019-04-29 20:52:29.013604,0.00011196
2019-04-29 20:52:30.406604,0.00011196
2019-04-29 20:52:32.006604,0.00011196
2019-04-29 20:52:33.418604,0.00011196
2019-04-29 20:52:34.796604,0.00011196
2019-04-29 20:52:36.243604,0.00011196
2019-04-29 20:52:37.612604,0.00011196
2019-04-29 20:52:38.923604,0.00011196
2019-04-29 20:52:40.289604,0.00011196
2019-04-29 20:52:41.661604,0.00011196
2019-04-29 20:52:43.054604,0.00011196
2019-04-29 20:52:44.434604,0.00011196
2019-04-29 20:52:45.911604,0.00011196
2019-04-29 20:52:47.227604,0.00011196
2019-04-29 20:52:48.682604,0.00011196
2019-04-29 20:52:50.061604,0.00011196
2019-04-29 20:52:51.451604,0.00011196
2019-04-29 20:52:52.794604,0.00011196
2019-04-29 20:52:54.165604,0.00011196
2019-04-29 20:52:55.577604,0.00011196
2019-04-29 20:52:57.240604,0.00011196
2019-04-29 20:52:58.928604,0.00011196
2019-04-29 20:53:00.339604,0.00011196
2019-04-29 20:53:01.839604,0.00011196
2019-04-29 20:53:03.215604,0.00011196
2019-04-29 20:53:04.599604,0.00011196
2019-04-29 20:53:06.029604,0.00011196
2019-04-29 20:53:07.342604,0.00011196
2019-04-29 20:53:08.716604,0.00011196
2019-04-29 20:53:10.117604,0.00011196
2019-04-29 20:53:11.500604,0.00011196
2019-04-29 20:53:12.929604,0.00011196
2019-04-29 20:53:14.306604,0.00011196
2019-04-29 20:53:15.683604,0.00011196
2019-04-29 20:53:18.089604,0.00011196
2019-04-29 20:53:19.447604,0.00011196
2019-04-29 20:53:20.851604,0.00011196
2019-04-29 20:53:22.228604,0.00011196
2019-04-29 20:53:23.820604,0.00011196
2019-04-29 20:53:25.208604,0.00011196
2019-04-29 20:53:26.667604,0.00011196
2019-04-29 20:53:28.039604,0.00011196
2019-04-29 20:53:29.411604,0.00011196
2019-04-29 20:53:30.771604,0.00011196
2019-04-29 20:53:32.200604,0.00011196
2019-04-29 20:53:33.617604,0.00011196
2019-04-29 20:53:35.037604,0.00011196
2019-04-29 20:53:36.394604,0.00011196
2019-04-29 20:53:37.838604,0.00011196
2019-04-29 20:53:39.248604,0.00011196
2019-04-29 20:53:40.672604,0.00011196
2019-04-29 20:53:42.057604,0.00011196
2019-04-29 20:53:43.420604,0.00011196
2019-04-29 20:53:44.839604,0.00011196
2019-04-29 20:53:46.366604,0.00011196
2019-04-29 20:53:48.052604,0.00011196
2019-04-29 20:53:49.420604,0.00011196
2019-04-29 20:53:50.823604,0.00011196
2019-04-29 20:53:52.206604,0.00011196
2019-04-29 20:53:53.589604,0.00011196
2019-04-29 20:53:55.230604,0.00011196
2019-04-29 20:53:56.639604,0.00011196
2019-04-29 20:53:58.035604,0.00011196
2019-04-29 20:53:59.414604,0.00011196
2019-04-29 20:54:00.794604,0.00011196
2019-04-29 20:54:02.181604,0.00011196
2019-04-29 20:54:03.591604,0.00011196
2019-04-29 20:54:04.962604,0.00011196
2019-04-29 20:54:06.708604,0.00011196
2019-04-29 20:54:08.141604,0.00011196
2019-04-29 20:54:09.549604,0.00011196
2019-04-29 20:54:10.974604,0.00011196
2019-04-29 20:54:12.366604,0.00011196
2019-04-29 20:54:13.663604,0.00011196
2019-04-29 20:54:15.048604,0.00011196
2019-04-29 20:54:16.434604,0.00011196
2019-04-29 20:54:18.492604,0.00011196
2019-04-29 20:54:20.092604,0.00011196
2019-04-29 20:54:21.464604,0.00011196
2019-04-29 20:54:22.894604,0.00011196
2019-04-29 20:54:24.313604,0.00011196
2019-04-29 20:54:25.705604,0.00011196
2019-04-29 20:54:27.092604,0.00011196
2019-04-29 20:54:28.480604,0.00011196
2019-04-29 20:54:29.946604,0.00011196
2019-04-29 20:54:31.313604,0.00011196
2019-04-29 20:54:32.714604,0.00011196
2019-04-29 20:54:34.194604,0.00011196
2019-04-29 20:54:35.565604,0.00011196
2019-04-29 20:54:36.936604,0.00011196
2019-04-29 20:54:38.915604,0.00011196
2019-04-29 20:54:40.321604,0.00011196
2019-04-29 20:54:41.678604,0.00011196
2019-04-29 20:54:43.104604,0.00011196
2019-04-29 20:54:44.631604,0.00011196
2019-04-29 20:54:45.972604,0.00011196
2019-04-29 20:54:47.322604,0.00011196
2019-04-29 20:54:48.713604,0.00011196
2019-04-29 20:54:50.088604,0.00011196
2019-04-29 20:54:51.719604,0.00011196
2019-04-29 20:54:53.078604,0.00011196
2019-04-29 20:54:54.443604,0.00011196
2019-04-29 20:54:55.769604,0.00011109
2019-04-29 20:54:57.047604,0.00011109
2019-04-29 20:54:58.683604,0.00011109
2019-04-29 20:55:00.083604,0.00011109
2019-04-29 20:55:01.432604,0.00011109
2019-04-29 20:55:02.831604,0.00011109
2019-04-29 20:55:04.297604,0.00011109
2019-04-29 20:55:05.933604,0.00011109
2019-04-29 20:55:07.302604,0.00011109
2019-04-29 20:55:08.809604,0.00011109
2019-04-29 20:55:10.238604,0.00011109
2019-04-29 20:55:11.601604,0.00011109
2019-04-29 20:55:12.951604,0.00011109
2019-04-29 20:55:14.294604,0.00011109
2019-04-29 20:55:15.676604,0.00011109
2019-04-29 20:55:17.066604,0.00011109
2019-04-29 20:55:18.833604,0.00011109
2019-04-29 20:55:20.204604,0.00011109
2019-04-29 20:55:21.598604,0.00011109
2019-04-29 20:55:22.936604,0.00011109
2019-04-29 20:55:24.309604,0.00011109
2019-04-29 20:55:25.685604,0.00011109
2019-04-29 20:55:27.017604,0.00011109
2019-04-29 20:55:28.417604,0.00011109
2019-04-29 20:55:29.911604,0.00011109
2019-04-29 20:55:31.341604,0.00011109
2019-04-29 20:55:32.755604,0.00011109
2019-04-29 20:55:34.127604,0.00011109
2019-04-29 20:55:35.566604,0.00011109
2019-04-29 20:55:36.856604,0.00011109
2019-04-29 20:55:38.211604,0.00011109
2019-04-29 20:55:39.609604,0.00011109
2019-04-29 20:55:40.945604,0.00011109
2019-04-29 20:55:42.577604,0.00011109
2019-04-29 20:55:44.013604,0.00011109
2019-04-29 20:55:45.616604,0.00011109
2019-04-29 20:55:47.113604,0.00011109
2019-04-29 20:55:48.809604,0.00011109
2019-04-29 20:55:50.282604,0.00011109
2019-04-29 20:55:51.670604,0.00011109
2019-04-29 20:55:53.098604,0.00011109
2019-04-29 20:55:54.423604,0.00011109
2019-04-29 20:55:55.878604,0.00011109
2019-04-29 20:55:57.264604,0.00011109
2019-04-29 20:55:58.938604,0.00011109
2019-04-29 20:56:01.213604,0.00011109
2019-04-29 20:56:02.815604,0.00011109
2019-04-29 20:56:04.172604,0.00011109
2019-04-29 20:56:05.552604,0.00011109
2019-04-29 20:56:06.980604,0.00011109
2019-04-29 20:56:08.314604,0.00011109
2019-04-29 20:56:09.788604,0.00011109
2019-04-29 20:56:11.184604,0.00011109
2019-04-29 20:56:12.552604,0.00011109
2019-04-29 20:56:13.899604,0.00011109
2019-04-29 20:56:15.298604,0.00011109
2019-04-29 20:56:16.842604,0.00011109
2019-04-29 20:56:18.222604,0.00011109
2019-04-29 20:56:19.632604,0.00011109
2019-04-29 20:56:21.017604,0.00011109
2019-04-29 20:56:22.439604,0.00011109
2019-04-29 20:56:23.928604,0.00011109
2019-04-29 20:56:25.297604,0.00011109
2019-04-29 20:56:26.643604,0.00011109
2019-04-29 20:56:28.020604,0.00011109
2019-04-29 20:56:29.402604,0.00011109
2019-04-29 20:56:30.774604,0.00011109
2019-04-29 20:56:32.094604,0.00011109
2019-04-29 20:56:33.504604,0.00011109
2019-04-29 20:56:34.904604,0.00011109
2019-04-29 20:56:36.245604,0.00011109
2019-04-29 20:56:37.604604,0.00011109
2019-04-29 20:56:38.956604,0.00011109
2019-04-29 20:56:40.359604,0.00011109
2019-04-29 20:56:42.020604,0.00011109
2019-04-29 20:56:43.318604,0.00011109
2019-04-29 20:56:44.846604,0.00011109
2019-04-29 20:56:46.274604,0.00011109
2019-04-29 20:56:47.686604,0.00011109
2019-04-29 20:56:49.292604,0.00011109
2019-04-29 20:56:50.680604,0.00011109
2019-04-29 20:56:52.062604,0.00011109
2019-04-29 20:56:53.462604,0.00011109
2019-04-29 20:56:54.826604,0.00011109
2019-04-29 20:56:56.234604,0.00011109
2019-04-29 20:56:57.611604,0.00011109
2019-04-29 20:56:59.037604,0.00011109
2019-04-29 20:57:00.446604,0.00011109
2019-04-29 20:57:01.956604,0.00011109
2019-04-29 20:57:03.360604,0.00011109
2019-04-29 20:57:04.684604,0.00011109
2019-04-29 20:57:06.042604,0.00011109
2019-04-29 20:57:07.619604,0.00011109
2019-04-29 20:57:09.013604,0.00011109
2019-04-29 20:57:10.757604,0.00011109
2019-04-29 20:57:12.874604,0.00011109
2019-04-29 20:57:14.268604,0.00011109
2019-04-29 20:57:15.623604,0.00011109
2019-04-29 20:57:17.019604,0.00011109
2019-04-29 20:57:18.351604,0.00011109
2019-04-29 20:57:19.809604,0.00011109
2019-04-29 20:57:21.209604,0.00011109
2019-04-29 20:57:22.626604,0.00011109
2019-04-29 20:57:24.148604,0.00011109
2019-04-29 20:57:25.527604,0.00011109
2019-04-29 20:57:26.931604,0.00011162
2019-04-29 20:57:28.316604,0.00011162
2019-04-29 20:57:29.767604,0.00011162
2019-04-29 20:57:31.139604,0.00011162
2019-04-29 20:57:32.791604,0.00011162
2019-04-29 20:57:34.570604,0.00011162
2019-04-29 20:57:35.916604,0.00011162
2019-04-29 20:57:37.274604,0.00011162
2019-04-29 20:57:38.679604,0.00011162
2019-04-29 20:57:40.055604,0.00011162
2019-04-29 20:57:41.447604,0.00011162
2019-04-29 20:57:42.852604,0.00011162
2019-04-29 20:57:44.288604,0.00011162
2019-04-29 20:57:45.689604,0.00011162
2019-04-29 20:57:47.230604,0.00011162
2019-04-29 20:57:48.618604,0.00011162
2019-04-29 20:57:49.981604,0.00011162
2019-04-29 20:57:52.138604,0.00011162
2019-04-29 20:57:53.524604,0.00011162
2019-04-29 20:57:54.956604,0.00011162
2019-04-29 20:57:56.368604,0.00011162
2019-04-29 20:57:58.004604,0.00011162
2019-04-29 20:57:59.346604,0.00011162
2019-04-29 20:58:00.738604,0.00011162
2019-04-29 20:58:02.157604,0.00011162
2019-04-29 20:58:03.471604,0.00011162
2019-04-29 20:58:04.876604,0.00011162
2019-04-29 20:58:06.246604,0.00011162
2019-04-29 20:58:07.656604,0.00011162
2019-04-29 20:58:09.012604,0.00011162
2019-04-29 20:58:10.980604,0.00011162
2019-04-29 20:58:12.392604,0.00011162
2019-04-29 20:58:13.859604,0.00011162
2019-04-29 20:58:15.304604,0.00011162
2019-04-29 20:58:16.700604,0.00011162
2019-04-29 20:58:18.073604,0.00011162
2019-04-29 20:58:19.466604,0.00011162
2019-04-29 20:58:20.869604,0.00011162
2019-04-29 20:58:22.264604,0.00011162
2019-04-29 20:58:23.941604,0.00011162
2019-04-29 20:58:25.450604,0.00011162
2019-04-29 20:58:27.268604,0.00011162
2019-04-29 20:58:28.705604,0.00011186
2019-04-29 20:58:30.327604,0.00011186
2019-04-29 20:58:31.835604,0.00011186
2019-04-29 20:58:33.244604,0.00011186
2019-04-29 20:58:34.626604,0.00011186
2019-04-29 20:58:35.986604,0.00011186
2019-04-29 20:58:37.357604,0.00011186
2019-04-29 20:58:38.743604,0.00011197
2019-04-29 20:58:40.126604,0.00011197
2019-04-29 20:58:41.534604,0.00011197
2019-04-29 20:58:42.859604,0.00011197
2019-04-29 20:58:44.225604,0.00011197
2019-04-29 20:58:45.633604,0.00011197
2019-04-29 20:58:47.049604,0.00011197
2019-04-29 20:58:48.433604,0.00011197
2019-04-29 20:58:49.888604,0.00011197
2019-04-29 20:58:51.281604,0.00011197
2019-04-29 20:58:52.698604,0.00011197
2019-04-29 20:58:54.000604,0.00011197
2019-04-29 20:58:55.386604,0.00011197
2019-04-29 20:58:56.832604,0.00011197
2019-04-29 20:58:58.196604,0.00011197
2019-04-29 20:58:59.483604,0.00011197
2019-04-29 20:59:00.887604,0.00011197
2019-04-29 20:59:02.290604,0.00011197
2019-04-29 20:59:03.679604,0.00011197
2019-04-29 20:59:05.089604,0.00011197
2019-04-29 20:59:06.472604,0.00011197
2019-04-29 20:59:07.945604,0.00011197
2019-04-29 20:59:09.549604,0.00011197
2019-04-29 20:59:10.908604,0.00011197
2019-04-29 20:59:12.292604,0.00011197
2019-04-29 20:59:13.682604,0.00011197
2019-04-29 20:59:15.298604,0.00011197
2019-04-29 20:59:16.836604,0.00011197
2019-04-29 20:59:18.195604,0.00011197
2019-04-29 20:59:19.581604,0.00011197
2019-04-29 20:59:21.271604,0.00011197
2019-04-29 20:59:22.831604,0.00011197
2019-04-29 20:59:24.290604,0.00011197
2019-04-29 20:59:25.654604,0.00011197
2019-04-29 20:59:26.940604,0.00011197
2019-04-29 20:59:28.324604,0.00011197
2019-04-29 20:59:30.134604,0.00011197
2019-04-29 20:59:31.544604,0.00011197
2019-04-29 20:59:32.945604,0.00011197
2019-04-29 20:59:34.336604,0.00011197
2019-04-29 20:59:35.812604,0.00011197
2019-04-29 20:59:37.211604,0.00011197
2019-04-29 20:59:38.531604,0.00011197
2019-04-29 20:59:39.966604,0.00011197
2019-04-29 20:59:41.400604,0.00011197
2019-04-29 20:59:43.118604,0.00011197
2019-04-29 20:59:44.718604,0.00011197
2019-04-29 20:59:46.184604,0.00011197
2019-04-29 20:59:47.563604,0.00011197
2019-04-29 20:59:48.897604,0.00011197
2019-04-29 20:59:50.294604,0.00011197
2019-04-29 20:59:51.712604,0.00011197
2019-04-29 20:59:53.078604,0.00011197
2019-04-29 20:59:54.392604,0.00011197
2019-04-29 20:59:55.966604,0.00011197
2019-04-29 20:59:57.367604,0.00011197
2019-04-29 20:59:59.127604,0.00011197
2019-04-29 21:00:00.533604,0.00011197
2019-04-29 21:00:02.086604,0.00011197
2019-04-29 21:00:03.451604,0.00011197
2019-04-29 21:00:04.898604,0.00011197
2019-04-29 21:00:06.305604,0.00011197
2019-04-29 21:00:07.670604,0.00011197
2019-04-29 21:00:09.062604,0.00011197
2019-04-29 21:00:10.459604,0.00011197
2019-04-29 21:00:11.899604,0.00011197
2019-04-29 21:00:13.267604,0.00011197
2019-04-29 21:00:14.620604,0.00011197
2019-04-29 21:00:16.024604,0.00011197
2019-04-29 21:00:17.456604,0.00011197
2019-04-29 21:00:18.874604,0.00011197
2019-04-29 21:00:20.319604,0.00011197
2019-04-29 21:00:21.652604,0.00011197
2019-04-29 21:00:23.060604,0.00011197
2019-04-29 21:00:24.443604,0.00011197
2019-04-29 21:00:26.231604,0.00011197
2019-04-29 21:00:27.570604,0.00011197
2019-04-29 21:00:28.945604,0.00011197
2019-04-29 21:00:30.304604,0.00011197
2019-04-29 21:00:31.704604,0.00011197
2019-04-29 21:00:33.069604,0.00011197
2019-04-29 21:00:34.442604,0.00011197
2019-04-29 21:00:35.820604,0.00011197
2019-04-29 21:00:37.158604,0.00011197
2019-04-29 21:00:38.647604,0.00011197
2019-04-29 21:00:40.346604,0.00011197
2019-04-29 21:00:42.194604,0.00011197
2019-04-29 21:00:43.573604,0.00011197
2019-04-29 21:00:44.926604,0.00011197
2019-04-29 21:00:46.297604,0.00011197
2019-04-29 21:00:47.646604,0.00011197
2019-04-29 21:00:49.015604,0.00011197
2019-04-29 21:00:50.410604,0.00011197
2019-04-29 21:00:52.020604,0.00011197
2019-04-29 21:00:53.383604,0.00011197
2019-04-29 21:00:54.750604,0.00011197
2019-04-29 21:00:56.169604,0.00011197
2019-04-29 21:00:57.545604,0.00011197
2019-04-29 21:00:58.946604,0.00011197
2019-04-29 21:01:00.345604,0.00011197
2019-04-29 21:01:02.063604,0.00011197
2019-04-29 21:01:03.466604,0.00011197
2019-04-29 21:01:04.873604,0.00011197
2019-04-29 21:01:06.250604,0.00011197
2019-04-29 21:01:07.670604,0.00011197
2019-04-29 21:01:09.289604,0.00011197
2019-04-29 21:01:10.696604,0.00011197
2019-04-29 21:01:11.992604,0.00011197
2019-04-29 21:01:13.360604,0.00011197
2019-04-29 21:01:14.758604,0.00011197
2019-04-29 21:01:16.577604,0.00011197
2019-04-29 21:01:17.874604,0.00011197
2019-04-29 21:01:19.223604,0.00011197
2019-04-29 21:01:20.643604,0.00011197
2019-04-29 21:01:22.264604,0.00011197
2019-04-29 21:01:23.677604,0.00011197
2019-04-29 21:01:25.136604,0.00011197
2019-04-29 21:01:26.451604,0.00011197
2019-04-29 21:01:28.184604,0.00011197
2019-04-29 21:01:29.620604,0.00011197
2019-04-29 21:01:31.001604,0.00011197
2019-04-29 21:01:32.334604,0.00011197
2019-04-29 21:01:33.827604,0.00011197
2019-04-29 21:01:35.209604,0.00011197
2019-04-29 21:01:36.672604,0.00011197
2019-04-29 21:01:38.013604,0.00011197
2019-04-29 21:01:39.413604,0.00011197
2019-04-29 21:01:40.837604,0.00011197
2019-04-29 21:01:42.222604,0.00011197
2019-04-29 21:01:43.597604,0.00011197
2019-04-29 21:01:45.284604,0.00011197
2019-04-29 21:01:46.630604,0.00011197
2019-04-29 21:01:47.928604,0.00011197
2019-04-29 21:01:49.307604,0.00011197
2019-04-29 21:01:50.676604,0.00011197
2019-04-29 21:01:52.053604,0.00011197
2019-04-29 21:01:53.423604,0.00011197
2019-04-29 21:01:54.763604,0.00011197
2019-04-29 21:01:56.161604,0.00011197
2019-04-29 21:01:57.535604,0.00011197
2019-04-29 21:01:58.866604,0.00011197
2019-04-29 21:02:00.275604,0.00011197
2019-04-29 21:02:01.765604,0.00011197
2019-04-29 21:02:03.178604,0.00011197
2019-04-29 21:02:04.591604,0.00011197
2019-04-29 21:02:05.973604,0.00011197
2019-04-29 21:02:07.750604,0.00011197
2019-04-29 21:02:09.146604,0.00011197
2019-04-29 21:02:10.849604,0.00011197
2019-04-29 21:02:12.251604,0.00011197
2019-04-29 21:02:13.762604,0.00011197
2019-04-29 21:02:15.200604,0.00011197
2019-04-29 21:02:16.689604,0.00011197
2019-04-29 21:02:18.110604,0.00011197
2019-04-29 21:02:19.610604,0.00011197
2019-04-29 21:02:21.048604,0.00011197
2019-04-29 21:02:22.376604,0.00011197
2019-04-29 21:02:23.826604,0.00011197
2019-04-29 21:02:25.263604,0.00011197
2019-04-29 21:02:26.611604,0.00011197
2019-04-29 21:02:27.987604,0.00011197
2019-04-29 21:02:29.380604,0.00011197
2019-04-29 21:02:30.815604,0.00011197
2019-04-29 21:02:32.185604,0.00011197
2019-04-29 21:02:33.586604,0.00011197
2019-04-29 21:02:34.997604,0.00011197
2019-04-29 21:02:36.392604,0.00011197
2019-04-29 21:02:37.947604,0.00011197
2019-04-29 21:02:39.353604,0.00011197
2019-04-29 21:02:41.277604,0.00011197
2019-04-29 21:02:42.729604,0.00011197
2019-04-29 21:02:44.130604,0.00011197
2019-04-29 21:02:45.521604,0.00011197
2019-04-29 21:02:46.945604,0.00011197
2019-04-29 21:02:48.333604,0.00011197
2019-04-29 21:02:49.624604,0.00011197
2019-04-29 21:02:50.983604,0.00011197
2019-04-29 21:02:52.403604,0.00011197
2019-04-29 21:02:54.058604,0.00011197
2019-04-29 21:02:55.508604,0.00011197
2019-04-29 21:02:56.849604,0.00011197
2019-04-29 21:02:58.319604,0.00011197
2019-04-29 21:02:59.702604,0.00011197
2019-04-29 21:03:01.321604,0.00011197
2019-04-29 21:03:02.734604,0.00011197
2019-04-29 21:03:04.120604,0.00011197
2019-04-29 21:03:05.541604,0.00011197
2019-04-29 21:03:06.995604,0.00011197
2019-04-29 21:03:08.701604,0.00011197
2019-04-29 21:03:10.107604,0.00011197
2019-04-29 21:03:11.502604,0.00011197
2019-04-29 21:03:12.879604,0.00011197
2019-04-29 21:03:14.182604,0.00011197
2019-04-29 21:03:15.570604,0.00011197
2019-04-29 21:03:16.983604,0.00011197
2019-04-29 21:03:18.413604,0.00011197
2019-04-29 21:03:20.042604,0.00011197
2019-04-29 21:03:21.429604,0.00011197
2019-04-29 21:03:23.230604,0.00011197
2019-04-29 21:03:24.685604,0.00011197
2019-04-29 21:03:26.059604,0.00011197
2019-04-29 21:03:27.451604,0.00011197
2019-04-29 21:03:28.857604,0.00011197
2019-04-29 21:03:30.368604,0.00011197
2019-04-29 21:03:31.822604,0.00011197
2019-04-29 21:03:33.179604,0.00011197
2019-04-29 21:03:34.564604,0.00011197
2019-04-29 21:03:35.918604,0.00011197
2019-04-29 21:03:37.286604,0.00011197
2019-04-29 21:03:38.690604,0.00011197
2019-04-29 21:03:40.220604,0.00011197
2019-04-29 21:03:41.582604,0.00011197
2019-04-29 21:03:43.120604,0.00011197
2019-04-29 21:03:44.623604,0.00011197
2019-04-29 21:03:45.947604,0.00011197
2019-04-29 21:03:47.302604,0.00011197
2019-04-29 21:03:48.688604,0.00011197
2019-04-29 21:03:50.091604,0.00011197
2019-04-29 21:03:51.407604,0.00011197
2019-04-29 21:03:52.799604,0.00011197
2019-04-29 21:03:54.231604,0.00011197
2019-04-29 21:03:55.583604,0.00011197
2019-04-29 21:03:56.966604,0.00011197
2019-04-29 21:03:58.288604,0.00011197
2019-04-29 21:03:59.643604,0.00011197
2019-04-29 21:04:01.054604,0.00011197
2019-04-29 21:04:02.358604,0.00011197
2019-04-29 21:04:03.810604,0.00011197
2019-04-29 21:04:05.195604,0.00011197
2019-04-29 21:04:06.710604,0.00011197
2019-04-29 21:04:08.082604,0.00011197
2019-04-29 21:04:09.473604,0.00011197
2019-04-29 21:04:10.756604,0.00011197
2019-04-29 21:04:12.195604,0.00011197
2019-04-29 21:04:13.534604,0.00011197
2019-04-29 21:04:15.073604,0.00011197
2019-04-29 21:04:16.459604,0.00011197
2019-04-29 21:04:17.851604,0.00011197
2019-04-29 21:04:19.231604,0.00011197
2019-04-29 21:04:20.807604,0.00011197
2019-04-29 21:04:22.231604,0.00011197
2019-04-29 21:04:23.573604,0.00011197
2019-04-29 21:04:24.941604,0.00011197
2019-04-29 21:04:26.288604,0.00011197
2019-04-29 21:04:27.679604,0.00011197
2019-04-29 21:04:29.366604,0.00011197
2019-04-29 21:04:30.748604,0.00011197
2019-04-29 21:04:32.185604,0.00011197
2019-04-29 21:04:33.607604,0.00011197
2019-04-29 21:04:34.987604,0.00011197
2019-04-29 21:04:36.403604,0.00011197
2019-04-29 21:04:37.862604,0.00011197
2019-04-29 21:04:39.221604,0.00011197
2019-04-29 21:04:40.573604,0.00011197
2019-04-29 21:04:41.918604,0.00011197
2019-04-29 21:04:43.291604,0.00011197
2019-04-29 21:04:44.686604,0.00011197
2019-04-29 21:04:46.023604,0.00011197
2019-04-29 21:04:47.418604,0.00011197
2019-04-29 21:04:48.793604,0.00011197
2019-04-29 21:04:50.214604,0.00011197
2019-04-29 21:04:51.565604,0.00011197
2019-04-29 21:04:52.958604,0.00011197
2019-04-29 21:04:54.377604,0.00011197
2019-04-29 21:04:55.700604,0.00011197
2019-04-29 21:04:57.091604,0.00011197
2019-04-29 21:04:58.454604,0.00011197
2019-04-29 21:04:59.784604,0.00011197
2019-04-29 21:05:01.164604,0.00011197
2019-04-29 21:05:02.535604,0.00011197
2019-04-29 21:05:03.917604,0.00011197
2019-04-29 21:05:05.316604,0.00011197
2019-04-29 21:05:06.751604,0.00011197
2019-04-29 21:05:08.145604,0.00011197
2019-04-29 21:05:09.555604,0.00011197
2019-04-29 21:05:10.949604,0.00011197
2019-04-29 21:05:12.331604,0.00011197
2019-04-29 21:05:13.700604,0.00011197
2019-04-29 21:05:15.097604,0.00011197
2019-04-29 21:05:16.457604,0.00011197
2019-04-29 21:05:17.895604,0.00011197
2019-04-29 21:05:19.462604,0.00011197
2019-04-29 21:05:21.100604,0.00011197
2019-04-29 21:05:22.526604,0.00011197
2019-04-29 21:05:24.084604,0.00011197
2019-04-29 21:05:25.367604,0.00011197
2019-04-29 21:05:26.748604,0.00011197
2019-04-29 21:05:28.250604,0.00011197
2019-04-29 21:05:29.673604,0.00011197
2019-04-29 21:05:31.021604,0.00011197
2019-04-29 21:05:32.421604,0.00011197
2019-04-29 21:05:33.888604,0.00011197
2019-04-29 21:05:35.301604,0.00011197
2019-04-29 21:05:36.754604,0.00011197
2019-04-29 21:05:38.175604,0.00011197
2019-04-29 21:05:39.587604,0.00011197
2019-04-29 21:05:40.951604,0.00011197
2019-04-29 21:05:42.331604,0.00011197
2019-04-29 21:05:43.710604,0.00011197
2019-04-29 21:05:45.080604,0.00011197
2019-04-29 21:05:46.483604,0.00011197
2019-04-29 21:05:47.895604,0.00011197
2019-04-29 21:05:49.293604,0.00011197
2019-04-29 21:05:50.649604,0.00011197
2019-04-29 21:05:52.317604,0.00011197
2019-04-29 21:05:53.828604,0.00011197
2019-04-29 21:05:55.199604,0.00011197
2019-04-29 21:05:56.611604,0.00011197
2019-04-29 21:05:57.981604,0.00011197
2019-04-29 21:05:59.378604,0.00011197
2019-04-29 21:06:00.790604,0.00011197
2019-04-29 21:06:02.480604,0.00011197
2019-04-29 21:06:04.199604,0.00011197
2019-04-29 21:06:05.618604,0.00011197
2019-04-29 21:06:06.989604,0.00011197
2019-04-29 21:06:08.409604,0.00011197
2019-04-29 21:06:09.806604,0.00011197
2019-04-29 21:06:11.196604,0.00011197
2019-04-29 21:06:12.650604,0.00011197
2019-04-29 21:06:14.058604,0.00011197
2019-04-29 21:06:15.416604,0.00011197
2019-04-29 21:06:16.878604,0.00011197
2019-04-29 21:06:18.499604,0.00011197
2019-04-29 21:06:19.904604,0.00011197
2019-04-29 21:06:21.306604,0.00011197
2019-04-29 21:06:22.676604,0.00011197
2019-04-29 21:06:24.037604,0.00011197
2019-04-29 21:06:25.422604,0.00011197
2019-04-29 21:06:26.839604,0.00011197
2019-04-29 21:06:28.223604,0.00011197
2019-04-29 21:06:29.597604,0.00011197
2019-04-29 21:06:31.012604,0.00011197
2019-04-29 21:06:32.390604,0.00011197
2019-04-29 21:06:33.888604,0.00011197
2019-04-29 21:06:35.282604,0.00011197
2019-04-29 21:06:36.681604,0.00011197
2019-04-29 21:06:38.054604,0.00011197
2019-04-29 21:06:39.447604,0.00011197
2019-04-29 21:06:40.822604,0.00011197
2019-04-29 21:06:42.213604,0.00011197
2019-04-29 21:06:43.574604,0.00011197
2019-04-29 21:06:45.212604,0.00011197
2019-04-29 21:06:46.549604,0.00011197
2019-04-29 21:06:47.929604,0.00011197
2019-04-29 21:06:49.428604,0.00011197
2019-04-29 21:06:50.837604,0.00011197
2019-04-29 21:06:52.221604,0.00011197
2019-04-29 21:06:53.594604,0.00011197
2019-04-29 21:06:55.022604,0.00011197
2019-04-29 21:06:56.396604,0.00011197
2019-04-29 21:06:57.849604,0.00011197
2019-04-29 21:06:59.215604,0.00011197
2019-04-29 21:07:00.576604,0.00011197
2019-04-29 21:07:02.075604,0.00011197
2019-04-29 21:07:03.448604,0.00011197
2019-04-29 21:07:04.829604,0.00011197
2019-04-29 21:07:06.168604,0.00011197
2019-04-29 21:07:07.535604,0.00011197
2019-04-29 21:07:08.939604,0.00011197
2019-04-29 21:07:10.323604,0.00011197
2019-04-29 21:07:11.950604,0.00011197
2019-04-29 21:07:13.341604,0.00011197
2019-04-29 21:07:14.723604,0.00011197
2019-04-29 21:07:16.116604,0.00011197
2019-04-29 21:07:17.821604,0.00011197
2019-04-29 21:07:19.237604,0.00011197
2019-04-29 21:07:20.644604,0.00011197
2019-04-29 21:07:22.043604,0.00011197
2019-04-29 21:07:23.462604,0.00011197
2019-04-29 21:07:24.899604,0.00011197
2019-04-29 21:07:26.375604,0.00011197
2019-04-29 21:07:27.742604,0.00011197
2019-04-29 21:07:29.117604,0.00011197
2019-04-29 21:07:30.566604,0.00011197
2019-04-29 21:07:32.116604,0.00011197
2019-04-29 21:07:33.517604,0.00011197
2019-04-29 21:07:34.853604,0.00011197
2019-04-29 21:07:36.254604,0.00011197
2019-04-29 21:07:37.654604,0.00011197
2019-04-29 21:07:39.116604,0.00011197
2019-04-29 21:07:40.732604,0.00011197
2019-04-29 21:07:42.106604,0.00011197
2019-04-29 21:07:43.498604,0.00011197
2019-04-29 21:07:44.866604,0.00011197
2019-04-29 21:07:46.255604,0.00011197
2019-04-29 21:07:47.622604,0.00011197
2019-04-29 21:07:49.012604,0.00011197
2019-04-29 21:07:50.380604,0.00011197
2019-04-29 21:07:51.901604,0.00011197
2019-04-29 21:07:53.419604,0.00011197
2019-04-29 21:07:55.145604,0.00011197
2019-04-29 21:07:56.503604,0.00011197
2019-04-29 21:07:58.036604,0.00011197
2019-04-29 21:07:59.529604,0.00011197
2019-04-29 21:08:00.886604,0.00011197
2019-04-29 21:08:02.196604,0.00011197
2019-04-29 21:08:03.557604,0.00011197
2019-04-29 21:08:05.007604,0.00011197
2019-04-29 21:08:06.420604,0.00011197
2019-04-29 21:08:07.879604,0.00011197
2019-04-29 21:08:09.212604,0.00011197
2019-04-29 21:08:10.577604,0.00011197
2019-04-29 21:08:12.263604,0.00011197
2019-04-29 21:08:13.648604,0.00011197
2019-04-29 21:08:15.031604,0.00011197
2019-04-29 21:08:16.657604,0.00011197
2019-04-29 21:08:18.014604,0.00011197
2019-04-29 21:08:19.393604,0.00011197
2019-04-29 21:08:20.812604,0.00011197
2019-04-29 21:08:22.219604,0.00011197
2019-04-29 21:08:23.569604,0.00011197
2019-04-29 21:08:24.957604,0.00011197
2019-04-29 21:08:26.380604,0.00011197
2019-04-29 21:08:27.778604,0.00011197
2019-04-29 21:08:29.125604,0.00011197
2019-04-29 21:08:30.551604,0.00011197
2019-04-29 21:08:32.202604,0.00011197
2019-04-29 21:08:33.612604,0.00011197
2019-04-29 21:08:35.003604,0.00011197
2019-04-29 21:08:36.428604,0.00011197
2019-04-29 21:08:37.929604,0.00011197
2019-04-29 21:08:39.317604,0.00011197
2019-04-29 21:08:40.744604,0.00011197
2019-04-29 21:08:42.164604,0.00011197
2019-04-29 21:08:43.583604,0.00011197
2019-04-29 21:08:44.964604,0.00011197
2019-04-29 21:08:46.322604,0.00011197
2019-04-29 21:08:47.896604,0.00011197
2019-04-29 21:08:49.418604,0.00011197
2019-04-29 21:08:50.758604,0.00011197
2019-04-29 21:08:52.076604,0.00011197
2019-04-29 21:08:53.383604,0.00011197
2019-04-29 21:08:54.766604,0.00011197
2019-04-29 21:08:56.132604,0.00011197
2019-04-29 21:08:57.481604,0.00011197
2019-04-29 21:08:58.868604,0.00011197
2019-04-29 21:09:00.250604,0.00011197
2019-04-29 21:09:01.629604,0.00011197
2019-04-29 21:09:02.997604,0.00011197
2019-04-29 21:09:04.410604,0.00011197
2019-04-29 21:09:05.757604,0.00011197
2019-04-29 21:09:07.173604,0.00011197
2019-04-29 21:09:08.561604,0.00011197
2019-04-29 21:09:10.026604,0.00011197
2019-04-29 21:09:11.410604,0.00011197
2019-04-29 21:09:12.801604,0.00011197
2019-04-29 21:09:14.112604,0.00011197
2019-04-29 21:09:15.657604,0.00011197
2019-04-29 21:09:17.040604,0.00011197
2019-04-29 21:09:18.459604,0.00011197
2019-04-29 21:09:19.938604,0.00011197
2019-04-29 21:09:21.330604,0.00011197
2019-04-29 21:09:22.763604,0.00011197
2019-04-29 21:09:24.245604,0.00011197
2019-04-29 21:09:25.618604,0.00011197
2019-04-29 21:09:26.999604,0.00011197
2019-04-29 21:09:28.381604,0.00011197
2019-04-29 21:09:29.928604,0.00011197
2019-04-29 21:09:31.317604,0.00011197
2019-04-29 21:09:32.668604,0.00011197
2019-04-29 21:09:34.008604,0.00011197
2019-04-29 21:09:35.410604,0.00011197
2019-04-29 21:09:36.855604,0.00011197
2019-04-29 21:09:38.249604,0.00011197
2019-04-29 21:09:39.639604,0.00011197
2019-04-29 21:09:41.053604,0.00011197
2019-04-29 21:09:42.480604,0.00011197
2019-04-29 21:09:44.664604,0.00011197
2019-04-29 21:09:46.038604,0.00011197
2019-04-29 21:09:47.515604,0.00011197
2019-04-29 21:09:48.904604,0.00011197
2019-04-29 21:09:50.470604,0.00011197
2019-04-29 21:09:51.977604,0.00011197
2019-04-29 21:09:53.419604,0.00011197
2019-04-29 21:09:54.871604,0.00011197
2019-04-29 21:09:56.481604,0.00011197
2019-04-29 21:09:58.064604,0.00011197
2019-04-29 21:09:59.455604,0.00011197
2019-04-29 21:10:00.794604,0.00011197
2019-04-29 21:10:02.123604,0.00011197
2019-04-29 21:10:03.520604,0.00011197
2019-04-29 21:10:05.477604,0.00011197
2019-04-29 21:10:06.859604,0.00011197
2019-04-29 21:10:08.294604,0.00011197
2019-04-29 21:10:09.671604,0.00011197
2019-04-29 21:10:11.071604,0.00011197
2019-04-29 21:10:12.442604,0.00011197
2019-04-29 21:10:14.639604,0.00011197
2019-04-29 21:10:16.042604,0.00011197
2019-04-29 21:10:17.369604,0.00011197
2019-04-29 21:10:18.784604,0.00011197
2019-04-29 21:10:20.447604,0.00011197
2019-04-29 21:10:21.903604,0.00011197
2019-04-29 21:10:23.555604,0.00011197
2019-04-29 21:10:24.926604,0.00011197
2019-04-29 21:10:26.268604,0.00011197
2019-04-29 21:10:28.007604,0.00011197
2019-04-29 21:10:29.314604,0.00011197
2019-04-29 21:10:30.707604,0.00011197
2019-04-29 21:10:32.088604,0.00011197
2019-04-29 21:10:33.511604,0.00011197
2019-04-29 21:10:34.879604,0.00011197
2019-04-29 21:10:36.282604,0.00011197
2019-04-29 21:10:37.677604,0.00011197
2019-04-29 21:10:39.089604,0.00011197
2019-04-29 21:10:40.494604,0.00011197
2019-04-29 21:10:42.221604,0.00011197
2019-04-29 21:10:43.584604,0.00011197
2019-04-29 21:10:44.972604,0.00011197
2019-04-29 21:10:46.353604,0.00011197
2019-04-29 21:10:47.950604,0.00011197
2019-04-29 21:10:49.753604,0.00011197
2019-04-29 21:10:51.104604,0.00011197
2019-04-29 21:10:52.537604,0.00011197
2019-04-29 21:10:53.932604,0.00011197
2019-04-29 21:10:55.410604,0.00011197
2019-04-29 21:10:57.143604,0.00011197
2019-04-29 21:10:58.546604,0.00011197
2019-04-29 21:10:59.927604,0.00011197
2019-04-29 21:11:01.333604,0.00011197
2019-04-29 21:11:02.747604,0.00011197
2019-04-29 21:11:04.226604,0.00011197
2019-04-29 21:11:05.729604,0.00011197
2019-04-29 21:11:07.033604,0.00011197
2019-04-29 21:11:08.433604,0.00011197
2019-04-29 21:11:09.898604,0.00011197
2019-04-29 21:11:11.312604,0.00011197
2019-04-29 21:11:12.714604,0.00011197
2019-04-29 21:11:14.311604,0.00011197
2019-04-29 21:11:15.723604,0.00011197
2019-04-29 21:11:17.162604,0.00011197
2019-04-29 21:11:18.591604,0.00011197
2019-04-29 21:11:19.959604,0.00011197
2019-04-29 21:11:21.337604,0.00011197
2019-04-29 21:11:22.696604,0.00011197
2019-04-29 21:11:24.108604,0.00011197
2019-04-29 21:11:25.526604,0.00011197
2019-04-29 21:11:26.898604,0.00011197
2019-04-29 21:11:28.246604,0.00011197
2019-04-29 21:11:29.612604,0.00011197
2019-04-29 21:11:31.020604,0.00011197
2019-04-29 21:11:32.337604,0.00011197
2019-04-29 21:11:33.929604,0.00011197
2019-04-29 21:11:35.285604,0.00011197
2019-04-29 21:11:36.671604,0.00011197
2019-04-29 21:11:38.044604,0.00011197
2019-04-29 21:11:39.444604,0.00011197
2019-04-29 21:11:40.902604,0.00011197
2019-04-29 21:11:42.297604,0.00011197
2019-04-29 21:11:43.761604,0.00011197
2019-04-29 21:11:45.116604,0.00011197
2019-04-29 21:11:46.497604,0.00011197
2019-04-29 21:11:47.899604,0.00011197
2019-04-29 21:11:49.324604,0.00011197
2019-04-29 21:11:50.707604,0.00011197
2019-04-29 21:11:52.066604,0.00011197
2019-04-29 21:11:53.489604,0.00011197
2019-04-29 21:11:54.895604,0.00011197
2019-04-29 21:11:56.486604,0.00011197
2019-04-29 21:11:58.595604,0.00011197
2019-04-29 21:11:59.995604,0.00011197
2019-04-29 21:12:01.388604,0.00011197
2019-04-29 21:12:02.846604,0.00011197
2019-04-29 21:12:04.176604,0.00011197
2019-04-29 21:12:05.568604,0.00011197
2019-04-29 21:12:07.174604,0.00011197
2019-04-29 21:12:08.556604,0.00011197
2019-04-29 21:12:10.223604,0.00011197
2019-04-29 21:12:11.690604,0.00011197
2019-04-29 21:12:13.317604,0.00011197
2019-04-29 21:12:14.786604,0.00011197
2019-04-29 21:12:16.163604,0.00011197
2019-04-29 21:12:17.524604,0.00011197
2019-04-29 21:12:18.893604,0.00011197
2019-04-29 21:12:20.254604,0.00011197
2019-04-29 21:12:21.683604,0.00011197
2019-04-29 21:12:23.096604,0.00011197
2019-04-29 21:12:24.399604,0.00011197
2019-04-29 21:12:25.814604,0.00011197
2019-04-29 21:12:27.202604,0.00011197
2019-04-29 21:12:28.636604,0.00011197
2019-04-29 21:12:30.089604,0.00011197
2019-04-29 21:12:31.466604,0.00011197
2019-04-29 21:12:32.878604,0.00011197
2019-04-29 21:12:34.269604,0.00011197
2019-04-29 21:12:35.608604,0.00011197
2019-04-29 21:12:37.024604,0.00011197
2019-04-29 21:12:38.660604,0.00011197
2019-04-29 21:12:39.994604,0.00011197
2019-04-29 21:12:41.374604,0.00011197
2019-04-29 21:12:42.856604,0.00011197
2019-04-29 21:12:44.233604,0.00011197
2019-04-29 21:12:45.596604,0.00011197
2019-04-29 21:12:47.021604,0.00011197
2019-04-29 21:12:48.362604,0.00011197
2019-04-29 21:12:49.944604,0.00011197
2019-04-29 21:12:51.338604,0.00011197
2019-04-29 21:12:52.716604,0.00011197
2019-04-29 21:12:54.144604,0.00011197
2019-04-29 21:12:55.535604,0.00011197
2019-04-29 21:12:56.978604,0.00011197
2019-04-29 21:12:58.317604,0.00011197
2019-04-29 21:12:59.747604,0.00011197
2019-04-29 21:13:01.046604,0.00011197
2019-04-29 21:13:02.395604,0.00011197
2019-04-29 21:13:03.875604,0.00011197
2019-04-29 21:13:05.234604,0.00011197
2019-04-29 21:13:06.795604,0.00011197
2019-04-29 21:13:08.135604,0.00011197
2019-04-29 21:13:09.593604,0.00011197
2019-04-29 21:13:10.959604,0.00011197
2019-04-29 21:13:12.635604,0.00011197
2019-04-29 21:13:14.067604,0.00011197
2019-04-29 21:13:15.455604,0.00011197
2019-04-29 21:13:16.848604,0.00011197
2019-04-29 21:13:18.252604,0.00011197
2019-04-29 21:13:19.659604,0.00011197
2019-04-29 21:13:21.193604,0.00011197
2019-04-29 21:13:22.609604,0.00011197
2019-04-29 21:13:24.044604,0.00011197
2019-04-29 21:13:25.439604,0.00011197
2019-04-29 21:13:26.985604,0.00011197
2019-04-29 21:13:28.386604,0.00011197
2019-04-29 21:13:29.763604,0.00011197
2019-04-29 21:13:31.170604,0.00011197
2019-04-29 21:13:32.583604,0.00011197
2019-04-29 21:13:34.094604,0.00011197
2019-04-29 21:13:35.579604,0.00011197
2019-04-29 21:13:36.931604,0.00011197
2019-04-29 21:13:38.330604,0.00011197
2019-04-29 21:13:39.920604,0.00011197
2019-04-29 21:13:41.318604,0.00011197
2019-04-29 21:13:42.740604,0.00011197
2019-04-29 21:13:44.100604,0.00011197
2019-04-29 21:13:45.521604,0.00011197
2019-04-29 21:13:47.028604,0.00011197
2019-04-29 21:13:48.411604,0.00011197
2019-04-29 21:13:49.796604,0.00011197
2019-04-29 21:13:51.420604,0.00011197
2019-04-29 21:13:52.811604,0.00011197
2019-04-29 21:13:54.222604,0.00011197
2019-04-29 21:13:55.622604,0.00011197
2019-04-29 21:13:57.013604,0.00011197
2019-04-29 21:13:58.433604,0.00011197
2019-04-29 21:13:59.855604,0.00011197
2019-04-29 21:14:01.554604,0.00011197
2019-04-29 21:14:02.937604,0.00011197
2019-04-29 21:14:04.347604,0.00011197
2019-04-29 21:14:06.061604,0.00011197
2019-04-29 21:14:07.494604,0.00011197
2019-04-29 21:14:08.899604,0.00011197
2019-04-29 21:14:10.277604,0.00011197
2019-04-29 21:14:11.645604,0.00011197
2019-04-29 21:14:13.017604,0.00011197
2019-04-29 21:14:14.341604,0.00011197
2019-04-29 21:14:15.848604,0.00011197
2019-04-29 21:14:17.203604,0.00011197
2019-04-29 21:14:18.643604,0.00011197
2019-04-29 21:14:20.021604,0.00011197
2019-04-29 21:14:21.383604,0.00011197
2019-04-29 21:14:22.780604,0.00011197
2019-04-29 21:14:24.175604,0.00011197
2019-04-29 21:14:25.568604,0.00011197
2019-04-29 21:14:26.953604,0.00011197
2019-04-29 21:14:28.355604,0.00011197
2019-04-29 21:14:29.756604,0.00011197
2019-04-29 21:14:31.093604,0.00011197
2019-04-29 21:14:32.508604,0.00011197
2019-04-29 21:14:33.894604,0.00011197
2019-04-29 21:14:35.277604,0.00011197
2019-04-29 21:14:36.660604,0.00011197
2019-04-29 21:14:38.148604,0.00011197
2019-04-29 21:14:39.490604,0.00011197
2019-04-29 21:14:40.866604,0.00011197
2019-04-29 21:14:42.270604,0.00011197
2019-04-29 21:14:43.649604,0.00011197
2019-04-29 21:14:45.046604,0.00011197
2019-04-29 21:14:46.488604,0.00011197
2019-04-29 21:14:48.000604,0.00011197
2019-04-29 21:14:49.391604,0.00011197
2019-04-29 21:14:51.105604,0.00011197
2019-04-29 21:14:52.680604,0.00011197
2019-04-29 21:14:54.026604,0.00011197
2019-04-29 21:14:55.409604,0.00011197
2019-04-29 21:14:57.039604,0.00011197
2019-04-29 21:14:58.449604,0.00011197
2019-04-29 21:14:59.849604,0.00011197
2019-04-29 21:15:01.218604,0.00011197
2019-04-29 21:15:02.931604,0.00011197
2019-04-29 21:15:04.275604,0.00011197
2019-04-29 21:15:05.739604,0.00011197
2019-04-29 21:15:07.111604,0.00011197
2019-04-29 21:15:08.408604,0.00011197
2019-04-29 21:15:09.782604,0.00011197
2019-04-29 21:15:11.146604,0.00011197
2019-04-29 21:15:12.967604,0.00011197
2019-04-29 21:15:14.365604,0.00011197
2019-04-29 21:15:16.006604,0.00011197
2019-04-29 21:15:17.375604,0.00011197
2019-04-29 21:15:18.906604,0.00011197
2019-04-29 21:15:20.374604,0.00011197
2019-04-29 21:15:21.784604,0.00011197
2019-04-29 21:15:23.231604,0.00011197
2019-04-29 21:15:24.607604,0.00011197
2019-04-29 21:15:25.989604,0.00011197
2019-04-29 21:15:27.327604,0.00011197
2019-04-29 21:15:28.722604,0.00011197
2019-04-29 21:15:30.106604,0.00011197
2019-04-29 21:15:31.418604,0.00011197
2019-04-29 21:15:32.753604,0.00011197
2019-04-29 21:15:34.366604,0.00011197
2019-04-29 21:15:36.064604,0.00011197
2019-04-29 21:15:37.463604,0.00011197
2019-04-29 21:15:38.787604,0.00011197
2019-04-29 21:15:40.180604,0.00011197
2019-04-29 21:15:41.555604,0.00011197
2019-04-29 21:15:43.133604,0.00011197
2019-04-29 21:15:44.606604,0.00011197
2019-04-29 21:15:45.972604,0.00011197
2019-04-29 21:15:47.300604,0.00011197
2019-04-29 21:15:48.734604,0.00011197
2019-04-29 21:15:50.363604,0.00011197
2019-04-29 21:15:51.773604,0.00011197
2019-04-29 21:15:53.219604,0.00011197
2019-04-29 21:15:54.652604,0.00011197
2019-04-29 21:15:56.057604,0.00011197
2019-04-29 21:15:57.453604,0.00011197
2019-04-29 21:15:58.895604,0.00011197
2019-04-29 21:16:00.272604,0.00011197
2019-04-29 21:16:01.685604,0.00011197
2019-04-29 21:16:03.158604,0.00011197
2019-04-29 21:16:04.614604,0.00011197
2019-04-29 21:16:06.093604,0.00011197
2019-04-29 21:16:07.500604,0.00011197
2019-04-29 21:16:08.911604,0.00011197
2019-04-29 21:16:10.239604,0.00011197
2019-04-29 21:16:11.665604,0.00011197
2019-04-29 21:16:13.062604,0.00011197
2019-04-29 21:16:14.366604,0.00011197
2019-04-29 21:16:15.774604,0.00011197
2019-04-29 21:16:17.260604,0.00011197
2019-04-29 21:16:18.596604,0.00011197
2019-04-29 21:16:20.014604,0.00011197
2019-04-29 21:16:21.392604,0.00011197
2019-04-29 21:16:22.752604,0.00011197
2019-04-29 21:16:24.092604,0.00011197
2019-04-29 21:16:25.409604,0.00011197
2019-04-29 21:16:26.780604,0.00011197
2019-04-29 21:16:28.170604,0.00011197
2019-04-29 21:16:29.576604,0.00011197
2019-04-29 21:16:30.982604,0.00011197
2019-04-29 21:16:32.383604,0.00011197
2019-04-29 21:16:33.903604,0.00011197
2019-04-29 21:16:35.306604,0.00011197
2019-04-29 21:16:36.671604,0.00011197
2019-04-29 21:16:38.001604,0.00011197
2019-04-29 21:16:39.355604,0.00011197
2019-04-29 21:16:40.746604,0.00011197
2019-04-29 21:16:42.095604,0.00011197
2019-04-29 21:16:43.480604,0.00011197
2019-04-29 21:16:44.890604,0.00011197
2019-04-29 21:16:46.288604,0.00011197
2019-04-29 21:16:47.670604,0.00011197
2019-04-29 21:16:49.858604,0.00011197
2019-04-29 21:16:51.282604,0.00011197
2019-04-29 21:16:52.637604,0.00011197
2019-04-29 21:16:54.039604,0.00011197
2019-04-29 21:16:55.415604,0.00011197
2019-04-29 21:16:56.816604,0.00011197
2019-04-29 21:16:58.245604,0.00011197
2019-04-29 21:16:59.615604,0.00011197
2019-04-29 21:17:00.996604,0.00011197
2019-04-29 21:17:02.367604,0.00011197
2019-04-29 21:17:03.681604,0.00011197
2019-04-29 21:17:05.091604,0.00011197
2019-04-29 21:17:06.523604,0.00011197
2019-04-29 21:17:07.995604,0.00011197
2019-04-29 21:17:09.671604,0.00011197
2019-04-29 21:17:11.110604,0.00011197
2019-04-29 21:17:12.479604,0.00011197
2019-04-29 21:17:14.011604,0.00011197
2019-04-29 21:17:15.406604,0.00011197
2019-04-29 21:17:16.818604,0.00011197
2019-04-29 21:17:18.145604,0.00011197
2019-04-29 21:17:19.567604,0.00011197
2019-04-29 21:17:21.087604,0.00011197
2019-04-29 21:17:22.579604,0.00011197
2019-04-29 21:17:24.039604,0.00011197
2019-04-29 21:17:25.443604,0.00011197
2019-04-29 21:17:26.825604,0.00011197
2019-04-29 21:17:28.206604,0.00011197
2019-04-29 21:17:29.680604,0.00011197
2019-04-29 21:17:31.081604,0.00011197
2019-04-29 21:17:32.506604,0.00011197
2019-04-29 21:17:33.912604,0.00011197
2019-04-29 21:17:35.293604,0.00011197
2019-04-29 21:17:36.683604,0.00011197
2019-04-29 21:17:38.063604,0.00011197
2019-04-29 21:17:39.709604,0.00011197
2019-04-29 21:17:42.086604,0.00011197
2019-04-29 21:17:43.494604,0.00011197
2019-04-29 21:17:44.959604,0.00011197
2019-04-29 21:17:46.314604,0.00011197
2019-04-29 21:17:47.718604,0.00011197
2019-04-29 21:17:49.304604,0.00011197
2019-04-29 21:17:50.794604,0.00011197
2019-04-29 21:17:52.291604,0.00011197
2019-04-29 21:17:53.670604,0.00011197
2019-04-29 21:17:55.046604,0.00011197
2019-04-29 21:17:56.431604,0.00011197
2019-04-29 21:17:58.156604,0.00011197
2019-04-29 21:17:59.491604,0.00011197
2019-04-29 21:18:00.882604,0.00011197
2019-04-29 21:18:02.245604,0.00011197
2019-04-29 21:18:03.765604,0.00011197
2019-04-29 21:18:05.171604,0.00011197
2019-04-29 21:18:06.551604,0.00011197
2019-04-29 21:18:07.893604,0.00011197
2019-04-29 21:18:09.369604,0.00011197
2019-04-29 21:18:10.878604,0.00011197
2019-04-29 21:18:12.181604,0.00011197
2019-04-29 21:18:13.569604,0.00011197
2019-04-29 21:18:14.982604,0.00011197
2019-04-29 21:18:16.371604,0.00011197
2019-04-29 21:18:17.770604,0.00011197
2019-04-29 21:18:19.181604,0.00011197
2019-04-29 21:18:20.600604,0.00011197
2019-04-29 21:18:21.997604,0.00011197
2019-04-29 21:18:23.476604,0.00011197
2019-04-29 21:18:24.864604,0.00011197
2019-04-29 21:18:26.259604,0.00011197
2019-04-29 21:18:28.343604,0.00011197
2019-04-29 21:18:29.867604,0.00011197
2019-04-29 21:18:31.278604,0.00011197
2019-04-29 21:18:32.605604,0.00011197
2019-04-29 21:18:34.072604,0.00011197
2019-04-29 21:18:35.855604,0.00011197
2019-04-29 21:18:37.257604,0.00011197
2019-04-29 21:18:38.663604,0.00011197
2019-04-29 21:18:40.015604,0.00011197
2019-04-29 21:18:41.411604,0.00011197
2019-04-29 21:18:43.016604,0.00011197
2019-04-29 21:18:44.375604,0.00011197
2019-04-29 21:18:45.990604,0.00011197
2019-04-29 21:18:47.385604,0.00011197
2019-04-29 21:18:49.064604,0.00011197
2019-04-29 21:18:50.471604,0.00011197
2019-04-29 21:18:51.862604,0.00011197
2019-04-29 21:18:53.252604,0.00011197
2019-04-29 21:18:54.760604,0.00011197
2019-04-29 21:18:56.130604,0.00011197
2019-04-29 21:18:57.511604,0.00011197
2019-04-29 21:18:58.893604,0.00011197
2019-04-29 21:19:00.301604,0.00011197
2019-04-29 21:19:01.682604,0.00011197
2019-04-29 21:19:03.274604,0.00011197
2019-04-29 21:19:04.661604,0.00011197
2019-04-29 21:19:06.045604,0.00011197
2019-04-29 21:19:07.428604,0.00011197
2019-04-29 21:19:08.809604,0.00011197
2019-04-29 21:19:10.192604,0.00011197
2019-04-29 21:19:11.587604,0.00011197
2019-04-29 21:19:12.998604,0.00011197
2019-04-29 21:19:14.355604,0.00011197
2019-04-29 21:19:16.537604,0.00011197
2019-04-29 21:19:17.946604,0.00011197
2019-04-29 21:19:19.325604,0.00011197
2019-04-29 21:19:20.725604,0.00011197
2019-04-29 21:19:22.148604,0.00011197
2019-04-29 21:19:23.611604,0.00011197
2019-04-29 21:19:24.975604,0.00011152
2019-04-29 21:19:26.388604,0.00011152
2019-04-29 21:19:28.179604,0.00011152
2019-04-29 21:19:29.563604,0.00011152
2019-04-29 21:19:30.935604,0.00011152
2019-04-29 21:19:32.302604,0.00011152
2019-04-29 21:19:33.702604,0.00011152
2019-04-29 21:19:35.118604,0.00011152
2019-04-29 21:19:36.515604,0.00011152
2019-04-29 21:19:37.890604,0.00011152
2019-04-29 21:19:39.284604,0.00011152
2019-04-29 21:19:40.731604,0.00011152
2019-04-29 21:19:42.110604,0.00011152
2019-04-29 21:19:43.622604,0.00011152
2019-04-29 21:19:45.035604,0.00011152
2019-04-29 21:19:46.484604,0.00011152
2019-04-29 21:19:48.336604,0.00011152
2019-04-29 21:19:49.871604,0.00011152
2019-04-29 21:19:51.320604,0.00011152
2019-04-29 21:19:53.041604,0.00011152
2019-04-29 21:19:54.419604,0.00011152
2019-04-29 21:19:55.944604,0.00011152
2019-04-29 21:19:57.371604,0.00011152
2019-04-29 21:19:58.722604,0.00011152
2019-04-29 21:20:00.050604,0.00011152
2019-04-29 21:20:01.417604,0.00011152
2019-04-29 21:20:02.788604,0.00011152
2019-04-29 21:20:04.216604,0.00011152
2019-04-29 21:20:06.175604,0.00011152
2019-04-29 21:20:07.614604,0.00011152
2019-04-29 21:20:09.004604,0.00011152
2019-04-29 21:20:10.363604,0.00011152
2019-04-29 21:20:11.844604,0.00011152
2019-04-29 21:20:13.213604,0.00011152
2019-04-29 21:20:14.602604,0.00011152
2019-04-29 21:20:16.014604,0.00011152
2019-04-29 21:20:17.372604,0.00011152
2019-04-29 21:20:18.765604,0.00011152
2019-04-29 21:20:20.154604,0.00011152
2019-04-29 21:20:21.499604,0.00011152
2019-04-29 21:20:22.888604,0.00011152
2019-04-29 21:20:24.256604,0.00011152
2019-04-29 21:20:25.628604,0.00011152
2019-04-29 21:20:27.002604,0.00011152
2019-04-29 21:20:28.397604,0.00011152
2019-04-29 21:20:29.944604,0.00011152
2019-04-29 21:20:31.366604,0.00011152
2019-04-29 21:20:32.735604,0.00011152
2019-04-29 21:20:34.119604,0.00011152
2019-04-29 21:20:35.546604,0.00011152
2019-04-29 21:20:36.988604,0.00011152
2019-04-29 21:20:38.378604,0.00011152
2019-04-29 21:20:39.926604,0.00011152
2019-04-29 21:20:41.304604,0.00011152
2019-04-29 21:20:42.773604,0.00011152
2019-04-29 21:20:45.257604,0.00011152
2019-04-29 21:20:46.593604,0.00011152
2019-04-29 21:20:48.232604,0.00011152
2019-04-29 21:20:49.628604,0.00011152
2019-04-29 21:20:51.059604,0.00011152
2019-04-29 21:20:52.443604,0.00011152
2019-04-29 21:20:53.856604,0.00011152
2019-04-29 21:20:55.205604,0.00011152
2019-04-29 21:20:56.745604,0.00011152
2019-04-29 21:20:58.155604,0.00011152
2019-04-29 21:20:59.544604,0.00011152
2019-04-29 21:21:01.083604,0.00011152
2019-04-29 21:21:02.458604,0.00011152
2019-04-29 21:21:03.939604,0.00011152
2019-04-29 21:21:05.392604,0.00011152
2019-04-29 21:21:06.775604,0.00011152
2019-04-29 21:21:08.110604,0.00011152
2019-04-29 21:21:09.503604,0.00011152
2019-04-29 21:21:10.907604,0.00011152
2019-04-29 21:21:12.357604,0.00011152
2019-04-29 21:21:13.757604,0.00011152
2019-04-29 21:21:15.178604,0.00011152
2019-04-29 21:21:16.619604,0.00011152
2019-04-29 21:21:17.937604,0.00011152
2019-04-29 21:21:19.609604,0.00011152
2019-04-29 21:21:20.991604,0.00011152
2019-04-29 21:21:22.394604,0.00011152
2019-04-29 21:21:23.836604,0.00011152
2019-04-29 21:21:25.233604,0.00011152
2019-04-29 21:21:26.828604,0.00011152
2019-04-29 21:21:28.145604,0.00011152
2019-04-29 21:21:29.574604,0.00011152
2019-04-29 21:21:30.951604,0.00011152
2019-04-29 21:21:32.358604,0.00011152
2019-04-29 21:21:33.680604,0.00011152
2019-04-29 21:21:35.071604,0.00011152
2019-04-29 21:21:36.472604,0.00011152
2019-04-29 21:21:37.865604,0.00011152
2019-04-29 21:21:39.175604,0.00011152
2019-04-29 21:21:40.618604,0.00011152
2019-04-29 21:21:41.988604,0.00011152
2019-04-29 21:21:43.411604,0.00011152
2019-04-29 21:21:45.690604,0.00011152
2019-04-29 21:21:47.336604,0.00011152
2019-04-29 21:21:48.717604,0.00011152
2019-04-29 21:21:50.093604,0.00011152
2019-04-29 21:21:51.468604,0.00011152
2019-04-29 21:21:52.811604,0.00011152
2019-04-29 21:21:54.209604,0.00011152
2019-04-29 21:21:55.566604,0.00011152
2019-04-29 21:21:56.962604,0.00011152
2019-04-29 21:21:58.329604,0.00011152
2019-04-29 21:21:59.865604,0.00011152
2019-04-29 21:22:01.240604,0.00011152
2019-04-29 21:22:02.624604,0.00011152
2019-04-29 21:22:04.437604,0.00011152
2019-04-29 21:22:05.841604,0.00011152
2019-04-29 21:22:07.235604,0.00011152
2019-04-29 21:22:08.636604,0.00011152
2019-04-29 21:22:10.014604,0.00011152
2019-04-29 21:22:11.534604,0.00011152
2019-04-29 21:22:12.923604,0.00011152
2019-04-29 21:22:14.294604,0.00011152
2019-04-29 21:22:16.036604,0.00011152
2019-04-29 21:22:17.371604,0.00011152
2019-04-29 21:22:18.746604,0.00011152
2019-04-29 21:22:20.119604,0.00011152
2019-04-29 21:22:21.491604,0.00011152
2019-04-29 21:22:22.829604,0.00011152
2019-04-29 21:22:24.156604,0.00011152
2019-04-29 21:22:25.542604,0.00011152
2019-04-29 21:22:26.954604,0.00011152
2019-04-29 21:22:28.260604,0.00011152
2019-04-29 21:22:29.713604,0.00011152
2019-04-29 21:22:31.127604,0.00011152
2019-04-29 21:22:33.277604,0.00011152
2019-04-29 21:22:34.682604,0.00011152
2019-04-29 21:22:36.080604,0.00011152
2019-04-29 21:22:37.474604,0.00011152
2019-04-29 21:22:38.872604,0.00011152
2019-04-29 21:22:40.233604,0.00011152
2019-04-29 21:22:41.530604,0.00011152
2019-04-29 21:22:42.939604,0.00011152
2019-04-29 21:22:44.284604,0.00011152
2019-04-29 21:22:45.662604,0.00011152
2019-04-29 21:22:47.296604,0.00011152
2019-04-29 21:22:48.683604,0.00011152
2019-04-29 21:22:50.086604,0.00011152
2019-04-29 21:22:51.468604,0.00011152
2019-04-29 21:22:52.858604,0.00011152
2019-04-29 21:22:54.251604,0.00011152
2019-04-29 21:22:55.557604,0.00011152
2019-04-29 21:22:56.922604,0.00011152
2019-04-29 21:22:58.293604,0.00011152
2019-04-29 21:22:59.648604,0.00011152
2019-04-29 21:23:01.000604,0.00011152
2019-04-29 21:23:02.403604,0.00011152
2019-04-29 21:23:03.914604,0.00011152
2019-04-29 21:23:05.332604,0.00011152
2019-04-29 21:23:06.706604,0.00011152
2019-04-29 21:23:08.092604,0.00011152
2019-04-29 21:23:09.513604,0.00011152
2019-04-29 21:23:10.886604,0.00011152
2019-04-29 21:23:12.446604,0.00011152
2019-04-29 21:23:13.877604,0.00011152
2019-04-29 21:23:15.244604,0.00011152
2019-04-29 21:23:16.687604,0.00011152
2019-04-29 21:23:18.034604,0.00011152
2019-04-29 21:23:19.414604,0.00011152
2019-04-29 21:23:20.789604,0.00011152
2019-04-29 21:23:22.175604,0.00011152
2019-04-29 21:23:23.578604,0.00011152
2019-04-29 21:23:24.964604,0.00011152
2019-04-29 21:23:26.314604,0.00011152
2019-04-29 21:23:27.701604,0.00011152
2019-04-29 21:23:29.110604,0.00011152
2019-04-29 21:23:30.531604,0.00011152
2019-04-29 21:23:31.849604,0.00011152
2019-04-29 21:23:33.289604,0.00011152
2019-04-29 21:23:34.676604,0.00011152
2019-04-29 21:23:36.053604,0.00011152
2019-04-29 21:23:37.458604,0.00011152
2019-04-29 21:23:38.778604,0.00011152
2019-04-29 21:23:40.121604,0.00011152
2019-04-29 21:23:41.542604,0.00011152
2019-04-29 21:23:43.003604,0.00011152
2019-04-29 21:23:44.507604,0.00011152
2019-04-29 21:23:46.170604,0.00011152
2019-04-29 21:23:47.563604,0.00011152
2019-04-29 21:23:48.965604,0.00011152
2019-04-29 21:23:50.510604,0.00011152
2019-04-29 21:23:51.896604,0.00011152
2019-04-29 21:23:53.304604,0.00011152
2019-04-29 21:23:54.822604,0.00011152
2019-04-29 21:23:56.209604,0.00011152
2019-04-29 21:23:57.569604,0.00011152
2019-04-29 21:23:58.990604,0.00011152
2019-04-29 21:24:00.385604,0.00011152
2019-04-29 21:24:02.057604,0.00011152
2019-04-29 21:24:03.461604,0.00011152
2019-04-29 21:24:04.826604,0.00011152
2019-04-29 21:24:06.215604,0.00011152
2019-04-29 21:24:07.599604,0.00011152
2019-04-29 21:24:09.006604,0.00011152
2019-04-29 21:24:10.388604,0.00011152
2019-04-29 21:24:12.010604,0.00011152
2019-04-29 21:24:13.450604,0.00011152
2019-04-29 21:24:14.927604,0.00011152
2019-04-29 21:24:16.233604,0.00011152
2019-04-29 21:24:17.677604,0.00011152
2019-04-29 21:24:19.071604,0.00011152
2019-04-29 21:24:20.463604,0.00011152
2019-04-29 21:24:21.838604,0.00011152
2019-04-29 21:24:23.442604,0.00011152
2019-04-29 21:24:24.837604,0.00011152
2019-04-29 21:24:26.202604,0.00011152
2019-04-29 21:24:27.611604,0.00011152
2019-04-29 21:24:28.979604,0.00011152
2019-04-29 21:24:30.374604,0.00011152
2019-04-29 21:24:31.825604,0.00011152
2019-04-29 21:24:33.303604,0.00011152
2019-04-29 21:24:34.712604,0.00011152
2019-04-29 21:24:36.056604,0.00011152
2019-04-29 21:24:37.428604,0.00011152
2019-04-29 21:24:38.845604,0.00011152
2019-04-29 21:24:40.490604,0.00011152
2019-04-29 21:24:41.851604,0.00011152
2019-04-29 21:24:43.208604,0.00011152
2019-04-29 21:24:44.603604,0.00011152
2019-04-29 21:24:46.151604,0.00011152
2019-04-29 21:24:47.540604,0.00011152
2019-04-29 21:24:48.959604,0.00011152
2019-04-29 21:24:50.308604,0.00011152
2019-04-29 21:24:51.727604,0.00011152
2019-04-29 21:24:53.140604,0.00011152
2019-04-29 21:24:55.258604,0.00011152
2019-04-29 21:24:56.753604,0.00011152
2019-04-29 21:24:58.131604,0.00011152
2019-04-29 21:24:59.524604,0.00011152
2019-04-29 21:25:00.933604,0.00011152
2019-04-29 21:25:02.340604,0.00011152
2019-04-29 21:25:03.677604,0.00011152
2019-04-29 21:25:05.051604,0.00011152
2019-04-29 21:25:06.430604,0.00011152
2019-04-29 21:25:08.014604,0.00011152
2019-04-29 21:25:09.429604,0.00011152
2019-04-29 21:25:10.816604,0.00011152
2019-04-29 21:25:12.228604,0.00011152
2019-04-29 21:25:13.659604,0.00011152
2019-04-29 21:25:15.084604,0.00011152
2019-04-29 21:25:16.759604,0.00011152
2019-04-29 21:25:18.574604,0.00011152
2019-04-29 21:25:19.908604,0.00011152
2019-04-29 21:25:21.284604,0.00011152
2019-04-29 21:25:22.651604,0.00011152
2019-04-29 21:25:24.027604,0.00011152
2019-04-29 21:25:25.416604,0.00011152
2019-04-29 21:25:26.804604,0.00011152
2019-04-29 21:25:28.193604,0.00011152
2019-04-29 21:25:29.637604,0.00011152
2019-04-29 21:25:31.019604,0.00011152
2019-04-29 21:25:32.429604,0.00011152
2019-04-29 21:25:33.861604,0.00011152
2019-04-29 21:25:35.241604,0.00011152
2019-04-29 21:25:36.618604,0.00011152
2019-04-29 21:25:38.001604,0.00011152
2019-04-29 21:25:39.427604,0.00011152
2019-04-29 21:25:40.794604,0.00011152
2019-04-29 21:25:42.173604,0.00011152
2019-04-29 21:25:43.483604,0.00011152
2019-04-29 21:25:45.327604,0.00011152
2019-04-29 21:25:46.654604,0.00011152
2019-04-29 21:25:48.207604,0.00011152
2019-04-29 21:25:49.617604,0.00011152
2019-04-29 21:25:51.004604,0.00011152
2019-04-29 21:25:52.379604,0.00011152
2019-04-29 21:25:53.832604,0.00011152
2019-04-29 21:25:55.209604,0.00011152
2019-04-29 21:25:56.965604,0.00011152
2019-04-29 21:25:58.357604,0.00011152
2019-04-29 21:25:59.683604,0.00011152
2019-04-29 21:26:01.075604,0.00011152
2019-04-29 21:26:02.385604,0.00011152
2019-04-29 21:26:03.927604,0.00011152
2019-04-29 21:26:05.313604,0.00011152
2019-04-29 21:26:06.933604,0.00011152
2019-04-29 21:26:08.233604,0.00011152
2019-04-29 21:26:09.605604,0.00011152
2019-04-29 21:26:11.007604,0.00011152
2019-04-29 21:26:12.360604,0.00011152
2019-04-29 21:26:13.912604,0.00011152
2019-04-29 21:26:15.346604,0.00011152
2019-04-29 21:26:16.763604,0.00011152
2019-04-29 21:26:18.186604,0.00011152
2019-04-29 21:26:19.565604,0.00011152
2019-04-29 21:26:20.953604,0.00011152
2019-04-29 21:26:22.359604,0.00011152
2019-04-29 21:26:23.966604,0.00011152
2019-04-29 21:26:25.386604,0.00011152
2019-04-29 21:26:26.787604,0.00011152
2019-04-29 21:26:28.108604,0.00011152
2019-04-29 21:26:29.511604,0.00011152
2019-04-29 21:26:30.920604,0.00011152
2019-04-29 21:26:32.330604,0.00011152
2019-04-29 21:26:33.916604,0.00011152
2019-04-29 21:26:35.303604,0.00011152
2019-04-29 21:26:36.694604,0.00011152
2019-04-29 21:26:38.083604,0.00011152
2019-04-29 21:26:39.477604,0.00011152
2019-04-29 21:26:40.857604,0.00011152
2019-04-29 21:26:42.291604,0.00011152
2019-04-29 21:26:43.665604,0.00011152
2019-04-29 21:26:45.249604,0.00011152
2019-04-29 21:26:46.589604,0.00011152
2019-04-29 21:26:47.988604,0.00011152
2019-04-29 21:26:49.358604,0.00011152
2019-04-29 21:26:50.814604,0.00011152
2019-04-29 21:26:52.465604,0.00011152
2019-04-29 21:26:53.832604,0.00011152
2019-04-29 21:26:55.483604,0.00011152
2019-04-29 21:26:56.914604,0.00011152
2019-04-29 21:26:58.298604,0.00011152
2019-04-29 21:26:59.707604,0.00011152
2019-04-29 21:27:01.136604,0.00011152
2019-04-29 21:27:02.575604,0.00011152
2019-04-29 21:27:04.085604,0.00011152
2019-04-29 21:27:05.467604,0.00011152
2019-04-29 21:27:06.841604,0.00011152
2019-04-29 21:27:08.190604,0.00011152
2019-04-29 21:27:09.890604,0.00011152
2019-04-29 21:27:11.255604,0.00011152
2019-04-29 21:27:12.756604,0.00011152
2019-04-29 21:27:14.119604,0.00011152
2019-04-29 21:27:15.518604,0.00011152
2019-04-29 21:27:16.943604,0.00011152
2019-04-29 21:27:18.363604,0.00011152
2019-04-29 21:27:19.792604,0.00011152
2019-04-29 21:27:21.190604,0.00011152
2019-04-29 21:27:22.628604,0.00011152
2019-04-29 21:27:24.020604,0.00011152
2019-04-29 21:27:25.386604,0.00011152
2019-04-29 21:27:26.782604,0.00011152
2019-04-29 21:27:28.188604,0.00011152
2019-04-29 21:27:29.579604,0.00011152
2019-04-29 21:27:31.001604,0.00011152
2019-04-29 21:27:32.339604,0.00011152
2019-04-29 21:27:33.901604,0.00011152
2019-04-29 21:27:35.311604,0.00011152
2019-04-29 21:27:36.707604,0.00011152
2019-04-29 21:27:38.084604,0.00011152
2019-04-29 21:27:39.738604,0.00011152
2019-04-29 21:27:41.065604,0.00011152
2019-04-29 21:27:42.450604,0.00011152
2019-04-29 21:27:44.405604,0.00011152
2019-04-29 21:27:45.994604,0.00011152
2019-04-29 21:27:47.370604,0.00011152
2019-04-29 21:27:48.775604,0.00011152
2019-04-29 21:27:50.145604,0.00011152
2019-04-29 21:27:51.533604,0.00011152
2019-04-29 21:27:52.932604,0.00011152
2019-04-29 21:27:54.292604,0.00011152
2019-04-29 21:27:55.602604,0.00011152
2019-04-29 21:27:57.066604,0.00011152
2019-04-29 21:27:58.490604,0.00011152
2019-04-29 21:27:59.881604,0.00011152
2019-04-29 21:28:01.309604,0.00011152
2019-04-29 21:28:02.927604,0.00011152
2019-04-29 21:28:04.340604,0.00011152
2019-04-29 21:28:05.759604,0.00011152
2019-04-29 21:28:07.139604,0.00011152
2019-04-29 21:28:08.602604,0.00011152
2019-04-29 21:28:09.927604,0.00011152
2019-04-29 21:28:11.301604,0.00011152
2019-04-29 21:28:12.716604,0.00011152
2019-04-29 21:28:14.091604,0.00011152
2019-04-29 21:28:15.442604,0.00011152
2019-04-29 21:28:16.845604,0.00011152
2019-04-29 21:28:18.310604,0.00011152
2019-04-29 21:28:19.692604,0.00011152
2019-04-29 21:28:21.126604,0.00011152
2019-04-29 21:28:22.471604,0.00011152
2019-04-29 21:28:23.788604,0.00011152
2019-04-29 21:28:25.166604,0.00011152
2019-04-29 21:28:26.544604,0.00011152
2019-04-29 21:28:27.919604,0.00011152
2019-04-29 21:28:29.358604,0.00011152
2019-04-29 21:28:30.748604,0.00011152
2019-04-29 21:28:32.107604,0.00011152
2019-04-29 21:28:33.474604,0.00011152
2019-04-29 21:28:34.900604,0.00011152
2019-04-29 21:28:36.280604,0.00011152
2019-04-29 21:28:37.670604,0.00011152
2019-04-29 21:28:39.350604,0.00011152
2019-04-29 21:28:40.754604,0.00011152
2019-04-29 21:28:42.182604,0.00011152
2019-04-29 21:28:43.802604,0.00011152
2019-04-29 21:28:45.187604,0.00011152
2019-04-29 21:28:46.978604,0.00011152
2019-04-29 21:28:48.348604,0.00011152
2019-04-29 21:28:50.143604,0.00011152
2019-04-29 21:28:51.493604,0.00011152
2019-04-29 21:28:52.877604,0.00011152
2019-04-29 21:28:54.247604,0.00011152
2019-04-29 21:28:55.678604,0.00011152
2019-04-29 21:28:57.070604,0.00011152
2019-04-29 21:28:58.457604,0.00011152
2019-04-29 21:29:00.028604,0.00011152
2019-04-29 21:29:01.431604,0.00011152
2019-04-29 21:29:03.057604,0.00011152
2019-04-29 21:29:04.401604,0.00011152
2019-04-29 21:29:05.772604,0.00011152
2019-04-29 21:29:07.376604,0.00011152
2019-04-29 21:29:08.696604,0.00011152
2019-04-29 21:29:10.104604,0.00011152
2019-04-29 21:29:11.486604,0.00011152
2019-04-29 21:29:12.904604,0.00011152
2019-04-29 21:29:14.242604,0.00011152
2019-04-29 21:29:15.631604,0.00011152
2019-04-29 21:29:16.995604,0.00011152
2019-04-29 21:29:18.414604,0.00011152
2019-04-29 21:29:19.820604,0.00011152
2019-04-29 21:29:21.212604,0.00011152
2019-04-29 21:29:22.657604,0.00011152
2019-04-29 21:29:24.372604,0.00011152
2019-04-29 21:29:25.854604,0.00011152
2019-04-29 21:29:27.272604,0.00011152
2019-04-29 21:29:28.625604,0.00011152
2019-04-29 21:29:29.953604,0.00011152
2019-04-29 21:29:31.619604,0.00011152
2019-04-29 21:29:33.240604,0.00011152
2019-04-29 21:29:34.859604,0.00011152
2019-04-29 21:29:36.168604,0.00011152
2019-04-29 21:29:37.539604,0.00011152
2019-04-29 21:29:39.155604,0.00011152
2019-04-29 21:29:40.549604,0.00011152
2019-04-29 21:29:42.195604,0.00011152
2019-04-29 21:29:43.605604,0.00011152
2019-04-29 21:29:45.548604,0.00011152
2019-04-29 21:29:46.869604,0.00011152
2019-04-29 21:29:48.274604,0.00011152
2019-04-29 21:29:49.742604,0.00011152
2019-04-29 21:29:51.244604,0.00011152
2019-04-29 21:29:52.827604,0.00011152
2019-04-29 21:29:54.166604,0.00011152
2019-04-29 21:29:55.469604,0.00011152
2019-04-29 21:29:57.051604,0.00011152
2019-04-29 21:29:58.421604,0.00011152
2019-04-29 21:29:59.893604,0.00011152
2019-04-29 21:30:01.310604,0.00011152
2019-04-29 21:30:02.641604,0.00011152
2019-04-29 21:30:04.037604,0.00011152
2019-04-29 21:30:05.407604,0.00011152
2019-04-29 21:30:06.739604,0.00011152
2019-04-29 21:30:08.126604,0.00011152
2019-04-29 21:30:09.524604,0.00011152
2019-04-29 21:30:10.887604,0.00011152
2019-04-29 21:30:12.281604,0.00011152
2019-04-29 21:30:13.674604,0.00011152
2019-04-29 21:30:15.058604,0.00011152
2019-04-29 21:30:16.486604,0.00011152
2019-04-29 21:30:17.854604,0.00011152
2019-04-29 21:30:19.270604,0.00011152
2019-04-29 21:30:20.648604,0.00011152
2019-04-29 21:30:22.104604,0.00011152
2019-04-29 21:30:23.730604,0.00011152
2019-04-29 21:30:25.213604,0.00011152
2019-04-29 21:30:26.585604,0.00011152
2019-04-29 21:30:28.034604,0.00011152
2019-04-29 21:30:29.481604,0.00011152
2019-04-29 21:30:31.144604,0.00011152
2019-04-29 21:30:32.523604,0.00011152
2019-04-29 21:30:33.930604,0.00011152
2019-04-29 21:30:35.351604,0.00011152
2019-04-29 21:30:36.666604,0.00011152
2019-04-29 21:30:38.125604,0.00011152
2019-04-29 21:30:39.504604,0.00011152
2019-04-29 21:30:41.153604,0.00011152
2019-04-29 21:30:42.706604,0.00011152
2019-04-29 21:30:44.035604,0.00011152
2019-04-29 21:30:45.431604,0.00011152
2019-04-29 21:30:46.839604,0.00011152
2019-04-29 21:30:48.159604,0.00011152
2019-04-29 21:30:49.598604,0.00011152
2019-04-29 21:30:50.973604,0.00011152
2019-04-29 21:30:52.389604,0.00011152
2019-04-29 21:30:53.823604,0.00011152
2019-04-29 21:30:55.209604,0.00011152
2019-04-29 21:30:56.682604,0.00011152
2019-04-29 21:30:58.013604,0.00011152
2019-04-29 21:30:59.408604,0.00011152
2019-04-29 21:31:00.795604,0.00011152
2019-04-29 21:31:02.178604,0.00011152
2019-04-29 21:31:03.534604,0.00011152
2019-04-29 21:31:04.960604,0.00011152
2019-04-29 21:31:06.371604,0.00011152
2019-04-29 21:31:08.048604,0.00011152
2019-04-29 21:31:09.719604,0.00011152
2019-04-29 21:31:11.109604,0.00011152
2019-04-29 21:31:12.520604,0.00011152
2019-04-29 21:31:13.934604,0.00011152
2019-04-29 21:31:15.305604,0.00011152
2019-04-29 21:31:16.697604,0.00011152
2019-04-29 21:31:18.083604,0.00011152
2019-04-29 21:31:19.673604,0.00011152
2019-04-29 21:31:21.093604,0.00011152
2019-04-29 21:31:22.421604,0.00011152
2019-04-29 21:31:23.894604,0.00011152
2019-04-29 21:31:25.216604,0.00011152
2019-04-29 21:31:26.596604,0.00011152
2019-04-29 21:31:27.989604,0.00011152
2019-04-29 21:31:29.391604,0.00011152
2019-04-29 21:31:30.732604,0.00011152
2019-04-29 21:31:32.169604,0.00011152
2019-04-29 21:31:33.568604,0.00011152
2019-04-29 21:31:34.967604,0.00011152
2019-04-29 21:31:36.336604,0.00011152
2019-04-29 21:31:37.661604,0.00011152
2019-04-29 21:31:39.250604,0.00011152
2019-04-29 21:31:40.651604,0.00011152
2019-04-29 21:31:42.068604,0.00011152
2019-04-29 21:31:43.477604,0.00011152
2019-04-29 21:31:44.811604,0.00011152
2019-04-29 21:31:46.206604,0.00011152
2019-04-29 21:31:47.515604,0.00011152
2019-04-29 21:31:48.891604,0.00011152
2019-04-29 21:31:50.267604,0.00011152
2019-04-29 21:31:51.649604,0.00011152
2019-04-29 21:31:53.073604,0.00011152
2019-04-29 21:31:54.453604,0.00011152
2019-04-29 21:31:55.947604,0.00011152
2019-04-29 21:31:57.320604,0.00011152
2019-04-29 21:31:58.887604,0.00011152
2019-04-29 21:32:00.215604,0.00011152
2019-04-29 21:32:01.572604,0.00011152
2019-04-29 21:32:02.897604,0.00011152
2019-04-29 21:32:04.266604,0.00011152
2019-04-29 21:32:05.665604,0.00011152
2019-04-29 21:32:07.054604,0.00011152
2019-04-29 21:32:08.459604,0.00011152
2019-04-29 21:32:09.843604,0.00011152
2019-04-29 21:32:11.254604,0.00011152
2019-04-29 21:32:12.621604,0.00011152
2019-04-29 21:32:14.017604,0.00011152
2019-04-29 21:32:15.390604,0.00011152
2019-04-29 21:32:16.790604,0.00011152
2019-04-29 21:32:18.169604,0.00011152
2019-04-29 21:32:19.478604,0.00011152
2019-04-29 21:32:20.851604,0.00011152
2019-04-29 21:32:22.527604,0.00011152
2019-04-29 21:32:23.888604,0.00011152
2019-04-29 21:32:25.253604,0.00011152
2019-04-29 21:32:26.676604,0.00011152
2019-04-29 21:32:28.027604,0.00011152
2019-04-29 21:32:29.447604,0.00011152
2019-04-29 21:32:30.931604,0.00011152
2019-04-29 21:32:32.291604,0.00011152
2019-04-29 21:32:33.679604,0.00011152
2019-04-29 21:32:35.172604,0.00011152
2019-04-29 21:32:36.569604,0.00011152
2019-04-29 21:32:38.013604,0.00011152
2019-04-29 21:32:39.608604,0.00011152
2019-04-29 21:32:40.956604,0.00011152
2019-04-29 21:32:42.256604,0.00011152
2019-04-29 21:32:43.938604,0.00011152
2019-04-29 21:32:45.352604,0.00011152
2019-04-29 21:32:46.726604,0.00011152
2019-04-29 21:32:48.143604,0.00011152
2019-04-29 21:32:49.517604,0.00011152
2019-04-29 21:32:50.899604,0.00011152
2019-04-29 21:32:52.273604,0.00011152
2019-04-29 21:32:53.632604,0.00011152
2019-04-29 21:32:54.983604,0.00011152
2019-04-29 21:32:56.373604,0.00011152
2019-04-29 21:32:57.791604,0.00011152
2019-04-29 21:32:59.195604,0.00011152
2019-04-29 21:33:00.652604,0.00011152
2019-04-29 21:33:02.051604,0.00011152
2019-04-29 21:33:03.463604,0.00011152
2019-04-29 21:33:04.877604,0.00011152
2019-04-29 21:33:06.248604,0.00011152
2019-04-29 21:33:07.590604,0.00011152
2019-04-29 21:33:09.295604,0.00011152
2019-04-29 21:33:10.656604,0.00011152
2019-04-29 21:33:12.065604,0.00011152
2019-04-29 21:33:13.455604,0.00011152
2019-04-29 21:33:14.787604,0.00011152
2019-04-29 21:33:16.164604,0.00011152
2019-04-29 21:33:18.180604,0.00011152
2019-04-29 21:33:19.962604,0.00011152
2019-04-29 21:33:21.300604,0.00011152
2019-04-29 21:33:22.661604,0.00011152
2019-04-29 21:33:24.056604,0.00011152
2019-04-29 21:33:25.435604,0.00011152
2019-04-29 21:33:26.837604,0.00011152
2019-04-29 21:33:28.486604,0.00011152
2019-04-29 21:33:29.857604,0.00011152
2019-04-29 21:33:31.441604,0.00011152
2019-04-29 21:33:32.832604,0.00011152
2019-04-29 21:33:34.151604,0.00011152
2019-04-29 21:33:35.556604,0.00011152
2019-04-29 21:33:36.936604,0.00011152
2019-04-29 21:33:38.305604,0.00011152
2019-04-29 21:33:39.712604,0.00011152
2019-04-29 21:33:41.094604,0.00011152
2019-04-29 21:33:42.458604,0.00011152
2019-04-29 21:33:43.883604,0.00011152
2019-04-29 21:33:45.561604,0.00011152
2019-04-29 21:33:46.986604,0.00011152
2019-04-29 21:33:48.285604,0.00011152
2019-04-29 21:33:49.704604,0.00011152
2019-04-29 21:33:51.087604,0.00011152
2019-04-29 21:33:52.530604,0.00011152
2019-04-29 21:33:53.907604,0.00011142
2019-04-29 21:33:55.277604,0.00011142
2019-04-29 21:33:56.652604,0.00011142
2019-04-29 21:33:58.038604,0.00011142
2019-04-29 21:33:59.391604,0.00011142
2019-04-29 21:34:00.718604,0.00011142
2019-04-29 21:34:02.072604,0.00011142
2019-04-29 21:34:03.455604,0.00011142
2019-04-29 21:34:04.853604,0.00011142
2019-04-29 21:34:06.220604,0.00011142
2019-04-29 21:34:07.630604,0.00011142
2019-04-29 21:34:09.045604,0.00011142
2019-04-29 21:34:10.364604,0.00011142
2019-04-29 21:34:11.956604,0.00011142
2019-04-29 21:34:13.292604,0.00011142
2019-04-29 21:34:14.668604,0.00011142
2019-04-29 21:34:16.056604,0.00011142
2019-04-29 21:34:17.708604,0.00011142
2019-04-29 21:34:19.097604,0.00011142
2019-04-29 21:34:20.476604,0.00011142
2019-04-29 21:34:21.835604,0.00011142
2019-04-29 21:34:23.247604,0.00011142
2019-04-29 21:34:24.609604,0.00011142
2019-04-29 21:34:25.954604,0.00011142
2019-04-29 21:34:27.325604,0.00011142
2019-04-29 21:34:28.806604,0.00011142
2019-04-29 21:34:30.201604,0.00011142
2019-04-29 21:34:31.577604,0.00011142
2019-04-29 21:34:32.944604,0.00011142
2019-04-29 21:34:34.337604,0.00011142
2019-04-29 21:34:35.724604,0.00011142
2019-04-29 21:34:37.127604,0.00011142
2019-04-29 21:34:38.538604,0.00011142
2019-04-29 21:34:39.850604,0.00011142
2019-04-29 21:34:41.227604,0.00011142
2019-04-29 21:34:42.711604,0.00011142
2019-04-29 21:34:44.180604,0.00011142
2019-04-29 21:34:45.581604,0.00011142
2019-04-29 21:34:46.981604,0.00011142
2019-04-29 21:34:48.340604,0.00011142
2019-04-29 21:34:50.161604,0.00011142
2019-04-29 21:34:51.570604,0.00011142
2019-04-29 21:34:52.897604,0.00011142
2019-04-29 21:34:54.244604,0.00011142
2019-04-29 21:34:55.594604,0.00011142
2019-04-29 21:34:56.997604,0.00011142
2019-04-29 21:34:58.382604,0.00011142
2019-04-29 21:34:59.676604,0.00011142
2019-04-29 21:35:01.068604,0.00011142
2019-04-29 21:35:02.446604,0.00011142
2019-04-29 21:35:03.815604,0.00011142
2019-04-29 21:35:05.167604,0.00011142
2019-04-29 21:35:06.841604,0.00011142
2019-04-29 21:35:08.236604,0.00011142
2019-04-29 21:35:09.718604,0.00011142
2019-04-29 21:35:11.017604,0.00011142
2019-04-29 21:35:12.421604,0.00011142
2019-04-29 21:35:14.026604,0.00011142
2019-04-29 21:35:15.427604,0.00011142
2019-04-29 21:35:17.002604,0.00011142
2019-04-29 21:35:18.311604,0.00011142
2019-04-29 21:35:19.706604,0.00011142
2019-04-29 21:35:21.038604,0.00011142
2019-04-29 21:35:22.418604,0.00011142
2019-04-29 21:35:24.017604,0.00011142
2019-04-29 21:35:25.414604,0.00011142
2019-04-29 21:35:26.782604,0.00011142
2019-04-29 21:35:28.173604,0.00011142
2019-04-29 21:35:29.576604,0.00011142
2019-04-29 21:35:30.959604,0.00011142
2019-04-29 21:35:32.338604,0.00011142
2019-04-29 21:35:33.716604,0.00011142
2019-04-29 21:35:35.064604,0.00011142
2019-04-29 21:35:36.370604,0.00011142
2019-04-29 21:35:37.783604,0.00011142
2019-04-29 21:35:39.146604,0.00011142
2019-04-29 21:35:40.649604,0.00011142
2019-04-29 21:35:42.039604,0.00011142
2019-04-29 21:35:43.470604,0.00011142
2019-04-29 21:35:44.860604,0.00011142
2019-04-29 21:35:46.167604,0.00011142
2019-04-29 21:35:47.543604,0.00011142
2019-04-29 21:35:48.965604,0.00011142
2019-04-29 21:35:50.286604,0.00011142
2019-04-29 21:35:51.715604,0.00011142
2019-04-29 21:35:53.140604,0.00011142
2019-04-29 21:35:54.529604,0.00011142
2019-04-29 21:35:55.845604,0.00011142
2019-04-29 21:35:57.219604,0.00011142
2019-04-29 21:35:58.636604,0.00011142
2019-04-29 21:35:59.986604,0.00011142
2019-04-29 21:36:01.589604,0.00011142
2019-04-29 21:36:02.965604,0.00011142
2019-04-29 21:36:04.390604,0.00011142
2019-04-29 21:36:05.805604,0.00011142
2019-04-29 21:36:07.181604,0.00011142
2019-04-29 21:36:08.604604,0.00011142
2019-04-29 21:36:10.007604,0.00011142
2019-04-29 21:36:11.370604,0.00011142
2019-04-29 21:36:12.709604,0.00011142
2019-04-29 21:36:14.077604,0.00011142
2019-04-29 21:36:15.483604,0.00011142
2019-04-29 21:36:17.034604,0.00011142
2019-04-29 21:36:18.435604,0.00011142
2019-04-29 21:36:19.888604,0.00011142
2019-04-29 21:36:21.299604,0.00011142
2019-04-29 21:36:22.681604,0.00011142
2019-04-29 21:36:24.038604,0.00011142
2019-04-29 21:36:25.440604,0.00011142
2019-04-29 21:36:26.798604,0.00011142
2019-04-29 21:36:28.158604,0.00011142
2019-04-29 21:36:29.562604,0.00011142
2019-04-29 21:36:30.949604,0.00011142
2019-04-29 21:36:32.381604,0.00011142
2019-04-29 21:36:33.767604,0.00011142
2019-04-29 21:36:35.143604,0.00011142
2019-04-29 21:36:36.525604,0.00011142
2019-04-29 21:36:37.856604,0.00011142
2019-04-29 21:36:39.233604,0.00011142
2019-04-29 21:36:40.661604,0.00011142
2019-04-29 21:36:42.024604,0.00011142
2019-04-29 21:36:43.407604,0.00011142
2019-04-29 21:36:44.793604,0.00011142
2019-04-29 21:36:46.159604,0.00011142
2019-04-29 21:36:47.575604,0.00011142
2019-04-29 21:36:48.986604,0.00011142
2019-04-29 21:36:50.348604,0.00011142
2019-04-29 21:36:52.347604,0.00011142
2019-04-29 21:36:54.536604,0.00011142
2019-04-29 21:36:56.019604,0.00011142
2019-04-29 21:36:57.398604,0.00011142
2019-04-29 21:36:58.782604,0.00011142
2019-04-29 21:37:00.169604,0.00011142
2019-04-29 21:37:01.552604,0.00011142
2019-04-29 21:37:02.936604,0.00011142
2019-04-29 21:37:04.324604,0.00011142
2019-04-29 21:37:05.657604,0.00011142
2019-04-29 21:37:07.113604,0.00011142
2019-04-29 21:37:08.505604,0.00011142
2019-04-29 21:37:09.961604,0.00011142
2019-04-29 21:37:11.273604,0.00011142
2019-04-29 21:37:12.650604,0.00011142
2019-04-29 21:37:13.963604,0.00011142
2019-04-29 21:37:15.355604,0.00011142
2019-04-29 21:37:16.946604,0.00011142
2019-04-29 21:37:18.361604,0.00011142
2019-04-29 21:37:20.149604,0.00011142
2019-04-29 21:37:21.624604,0.00011142
2019-04-29 21:37:22.987604,0.00011142
2019-04-29 21:37:24.348604,0.00011142
2019-04-29 21:37:25.901604,0.00011142
2019-04-29 21:37:27.315604,0.00011142
2019-04-29 21:37:28.750604,0.00011142
2019-04-29 21:37:30.122604,0.00011142
2019-04-29 21:37:31.479604,0.00011142
2019-04-29 21:37:32.889604,0.00011142
2019-04-29 21:37:34.443604,0.00011142
2019-04-29 21:37:35.950604,0.00011142
2019-04-29 21:37:37.314604,0.00011142
2019-04-29 21:37:38.692604,0.00011142
2019-04-29 21:37:40.055604,0.00011142
2019-04-29 21:37:41.442604,0.00011142
2019-04-29 21:37:43.145604,0.00011142
2019-04-29 21:37:44.456604,0.00011142
2019-04-29 21:37:46.346604,0.00011142
2019-04-29 21:37:48.008604,0.00011142
2019-04-29 21:37:49.430604,0.00011142
2019-04-29 21:37:50.800604,0.00011142
2019-04-29 21:37:52.121604,0.00011142
2019-04-29 21:37:53.537604,0.00011142
2019-04-29 21:37:54.903604,0.00011142
2019-04-29 21:37:56.235604,0.00011142
2019-04-29 21:37:57.633604,0.00011142
2019-04-29 21:37:59.085604,0.00011142
2019-04-29 21:38:00.455604,0.00011142
2019-04-29 21:38:01.849604,0.00011142
2019-04-29 21:38:03.272604,0.00011142
2019-04-29 21:38:04.577604,0.00011142
2019-04-29 21:38:05.961604,0.00011142
2019-04-29 21:38:07.361604,0.00011142
2019-04-29 21:38:08.744604,0.00011142
2019-04-29 21:38:10.168604,0.00011142
2019-04-29 21:38:11.534604,0.00011142
2019-04-29 21:38:12.951604,0.00011142
2019-04-29 21:38:14.276604,0.00011142
2019-04-29 21:38:15.883604,0.00011142
2019-04-29 21:38:17.292604,0.00011142
2019-04-29 21:38:18.687604,0.00011142
2019-04-29 21:38:20.039604,0.00011142
2019-04-29 21:38:21.492604,0.00011142
2019-04-29 21:38:22.895604,0.00011142
2019-04-29 21:38:24.272604,0.00011142
2019-04-29 21:38:25.586604,0.00011142
2019-04-29 21:38:27.000604,0.00011142
2019-04-29 21:38:28.332604,0.00011142
2019-04-29 21:38:29.758604,0.00011142
2019-04-29 21:38:31.111604,0.00011142
2019-04-29 21:38:32.605604,0.00011142
2019-04-29 21:38:33.966604,0.00011142
2019-04-29 21:38:35.361604,0.00011142
2019-04-29 21:38:36.771604,0.00011142
2019-04-29 21:38:38.343604,0.00011142
2019-04-29 21:38:40.026604,0.00011142
2019-04-29 21:38:41.679604,0.00011142
2019-04-29 21:38:42.982604,0.00011142
2019-04-29 21:38:44.347604,0.00011142
2019-04-29 21:38:45.799604,0.00011142
2019-04-29 21:38:47.179604,0.00011142
2019-04-29 21:38:48.738604,0.00011142
2019-04-29 21:38:50.039604,0.00011142
2019-04-29 21:38:51.376604,0.00011142
2019-04-29 21:38:52.736604,0.00011142
2019-04-29 21:38:54.092604,0.00011142
2019-04-29 21:38:55.452604,0.00011142
2019-04-29 21:38:56.844604,0.00011142
2019-04-29 21:38:58.458604,0.00011142
2019-04-29 21:38:59.868604,0.00011142
2019-04-29 21:39:01.253604,0.00011142
2019-04-29 21:39:02.671604,0.00011142
2019-04-29 21:39:04.705604,0.00011142
2019-04-29 21:39:06.064604,0.00011142
2019-04-29 21:39:07.409604,0.00011142
2019-04-29 21:39:08.823604,0.00011142
2019-04-29 21:39:10.201604,0.00011142
2019-04-29 21:39:11.549604,0.00011142
2019-04-29 21:39:12.891604,0.00011142
2019-04-29 21:39:14.601604,0.00011142
2019-04-29 21:39:15.997604,0.00011142
2019-04-29 21:39:17.569604,0.00011142
2019-04-29 21:39:18.943604,0.00011142
2019-04-29 21:39:20.918604,0.00011142
2019-04-29 21:39:22.271604,0.00011142
2019-04-29 21:39:23.675604,0.00011142
2019-04-29 21:39:25.019604,0.00011142
2019-04-29 21:39:26.435604,0.00011142
2019-04-29 21:39:27.883604,0.00011142
2019-04-29 21:39:29.244604,0.00011142
2019-04-29 21:39:30.586604,0.00011142
2019-04-29 21:39:32.247604,0.00011142
2019-04-29 21:39:34.005604,0.00011142
2019-04-29 21:39:35.344604,0.00011142
2019-04-29 21:39:36.726604,0.00011142
2019-04-29 21:39:38.116604,0.00011142
2019-04-29 21:39:39.503604,0.00011142
2019-04-29 21:39:40.848604,0.00011142
2019-04-29 21:39:42.238604,0.00011142
2019-04-29 21:39:43.591604,0.00011142
2019-04-29 21:39:44.972604,0.00011142
2019-04-29 21:39:46.336604,0.00011142
2019-04-29 21:39:47.965604,0.00011142
2019-04-29 21:39:49.322604,0.00011142
2019-04-29 21:39:50.819604,0.00011142
2019-04-29 21:39:52.189604,0.00011142
2019-04-29 21:39:53.494604,0.00011142
2019-04-29 21:39:54.869604,0.00011142
2019-04-29 21:39:56.281604,0.00011142
2019-04-29 21:39:57.668604,0.00011142
2019-04-29 21:39:58.976604,0.00011142
2019-04-29 21:40:00.336604,0.00011142
2019-04-29 21:40:01.686604,0.00011142
2019-04-29 21:40:03.160604,0.00011142
2019-04-29 21:40:04.578604,0.00011142
2019-04-29 21:40:05.907604,0.00011142
2019-04-29 21:40:07.316604,0.00011142
2019-04-29 21:40:08.689604,0.00011142
2019-04-29 21:40:10.075604,0.00011142
2019-04-29 21:40:11.452604,0.00011142
2019-04-29 21:40:13.083604,0.00011142
2019-04-29 21:40:14.464604,0.00011142
2019-04-29 21:40:15.889604,0.00011142
2019-04-29 21:40:17.271604,0.00011142
2019-04-29 21:40:18.679604,0.00011142
2019-04-29 21:40:20.032604,0.00011142
2019-04-29 21:40:21.407604,0.00011142
2019-04-29 21:40:22.944604,0.00011142
2019-04-29 21:40:24.286604,0.00011142
2019-04-29 21:40:25.696604,0.00011142
2019-04-29 21:40:27.107604,0.00011142
2019-04-29 21:40:28.424604,0.00011142
2019-04-29 21:40:29.823604,0.00011142
2019-04-29 21:40:31.201604,0.00011142
2019-04-29 21:40:32.747604,0.00011142
2019-04-29 21:40:34.095604,0.00011142
2019-04-29 21:40:35.489604,0.00011142
2019-04-29 21:40:36.855604,0.00011142
2019-04-29 21:40:38.258604,0.00011142
2019-04-29 21:40:39.754604,0.00011142
2019-04-29 21:40:41.123604,0.00011142
2019-04-29 21:40:42.575604,0.00011142
2019-04-29 21:40:44.186604,0.00011142
2019-04-29 21:40:45.558604,0.00011142
2019-04-29 21:40:46.864604,0.00011142
2019-04-29 21:40:48.243604,0.00011142
2019-04-29 21:40:49.619604,0.00011142
2019-04-29 21:40:50.988604,0.00011142
2019-04-29 21:40:52.391604,0.00011142
2019-04-29 21:40:53.892604,0.00011142
2019-04-29 21:40:55.255604,0.00011142
2019-04-29 21:40:56.643604,0.00011142
2019-04-29 21:40:58.060604,0.00011142
2019-04-29 21:40:59.387604,0.00011142
2019-04-29 21:41:00.786604,0.00011142
2019-04-29 21:41:02.205604,0.00011142
2019-04-29 21:41:03.611604,0.00011142
2019-04-29 21:41:04.940604,0.00011142
2019-04-29 21:41:06.329604,0.00011142
2019-04-29 21:41:07.744604,0.00011142
2019-04-29 21:41:09.129604,0.00011142
2019-04-29 21:41:10.408604,0.00011142
2019-04-29 21:41:12.111604,0.00011196
2019-04-29 21:41:13.829604,0.00011196
2019-04-29 21:41:15.218604,0.00011196
2019-04-29 21:41:16.836604,0.00011196
2019-04-29 21:41:18.205604,0.00011196
2019-04-29 21:41:19.608604,0.00011196
2019-04-29 21:41:20.966604,0.00011196
2019-04-29 21:41:22.414604,0.00011196
2019-04-29 21:41:23.727604,0.00011196
2019-04-29 21:41:25.102604,0.00011196
2019-04-29 21:41:26.510604,0.00011196
2019-04-29 21:41:27.907604,0.00011196
2019-04-29 21:41:29.799604,0.00011196
2019-04-29 21:41:31.181604,0.00011196
2019-04-29 21:41:32.669604,0.00011196
2019-04-29 21:41:34.034604,0.00011196
2019-04-29 21:41:35.413604,0.00011196
2019-04-29 21:41:36.788604,0.00011196
2019-04-29 21:41:38.171604,0.00011196
2019-04-29 21:41:39.876604,0.00011196
2019-04-29 21:41:41.235604,0.00011196
2019-04-29 21:41:42.621604,0.00011196
2019-04-29 21:41:44.020604,0.00011196
2019-04-29 21:41:45.396604,0.00011196
2019-04-29 21:41:46.799604,0.00011196
2019-04-29 21:41:48.170604,0.00011196
2019-04-29 21:41:49.580604,0.00011196
2019-04-29 21:41:51.041604,0.00011196
2019-04-29 21:41:52.395604,0.00011196
2019-04-29 21:41:53.776604,0.00011196
2019-04-29 21:41:55.149604,0.00011196
2019-04-29 21:41:56.499604,0.00011196
2019-04-29 21:41:57.868604,0.00011196
2019-04-29 21:41:59.285604,0.00011196
2019-04-29 21:42:00.726604,0.00011196
2019-04-29 21:42:02.098604,0.00011196
2019-04-29 21:42:03.577604,0.00011196
2019-04-29 21:42:05.134604,0.00011196
2019-04-29 21:42:06.601604,0.00011196
2019-04-29 21:42:08.069604,0.00011196
2019-04-29 21:42:09.455604,0.00011196
2019-04-29 21:42:11.078604,0.00011196
2019-04-29 21:42:12.474604,0.00011196
2019-04-29 21:42:13.850604,0.00011196
2019-04-29 21:42:15.259604,0.00011196
2019-04-29 21:42:16.807604,0.00011196
2019-04-29 21:42:18.191604,0.00011196
2019-04-29 21:42:19.597604,0.00011196
2019-04-29 21:42:20.976604,0.00011196
2019-04-29 21:42:22.342604,0.00011196
2019-04-29 21:42:23.755604,0.00011196
2019-04-29 21:42:25.151604,0.00011196
2019-04-29 21:42:26.900604,0.00011196
2019-04-29 21:42:28.259604,0.00011196
2019-04-29 21:42:29.585604,0.00011196
2019-04-29 21:42:30.939604,0.00011196
2019-04-29 21:42:32.327604,0.00011196
2019-04-29 21:42:33.698604,0.00011196
2019-04-29 21:42:35.082604,0.00011196
2019-04-29 21:42:36.448604,0.00011196
2019-04-29 21:42:37.840604,0.00011196
2019-04-29 21:42:39.163604,0.00011196
2019-04-29 21:42:40.545604,0.00011196
2019-04-29 21:42:41.922604,0.00011196
2019-04-29 21:42:43.269604,0.00011196
2019-04-29 21:42:44.662604,0.00011196
2019-04-29 21:42:46.026604,0.00011196
2019-04-29 21:42:47.443604,0.00011196
2019-04-29 21:42:48.805604,0.00011196
2019-04-29 21:42:50.224604,0.00011196
2019-04-29 21:42:51.597604,0.00011196
2019-04-29 21:42:52.977604,0.00011196
2019-04-29 21:42:54.330604,0.00011196
2019-04-29 21:42:55.727604,0.00011196
2019-04-29 21:42:57.080604,0.00011196
2019-04-29 21:42:58.468604,0.00011196
2019-04-29 21:42:59.845604,0.00011196
2019-04-29 21:43:01.209604,0.00011196
2019-04-29 21:43:02.616604,0.00011196
2019-04-29 21:43:04.004604,0.00011196
2019-04-29 21:43:05.424604,0.00011196
2019-04-29 21:43:06.777604,0.00011196
2019-04-29 21:43:08.174604,0.00011196
2019-04-29 21:43:09.546604,0.00011196
2019-04-29 21:43:11.158604,0.00011196
2019-04-29 21:43:12.896604,0.00011196
2019-04-29 21:43:14.213604,0.00011196
2019-04-29 21:43:15.607604,0.00011196
2019-04-29 21:43:17.001604,0.00011196
2019-04-29 21:43:18.306604,0.00011196
2019-04-29 21:43:19.679604,0.00011196
2019-04-29 21:43:21.078604,0.00011196
2019-04-29 21:43:22.444604,0.00011196
2019-04-29 21:43:23.828604,0.00011196
2019-04-29 21:43:25.122604,0.00011196
2019-04-29 21:43:26.532604,0.00011196
2019-04-29 21:43:27.910604,0.00011196
2019-04-29 21:43:29.340604,0.00011196
2019-04-29 21:43:30.763604,0.00011196
2019-04-29 21:43:32.151604,0.00011196
2019-04-29 21:43:33.550604,0.00011196
2019-04-29 21:43:34.975604,0.00011196
2019-04-29 21:43:36.541604,0.00011196
2019-04-29 21:43:37.938604,0.00011196
2019-04-29 21:43:39.314604,0.00011196
2019-04-29 21:43:40.950604,0.00011196
2019-04-29 21:43:42.385604,0.00011196
2019-04-29 21:43:43.809604,0.00011196
2019-04-29 21:43:45.185604,0.00011196
2019-04-29 21:43:46.565604,0.00011196
2019-04-29 21:43:48.083604,0.00011196
2019-04-29 21:43:49.480604,0.00011196
2019-04-29 21:43:51.142604,0.00011196
2019-04-29 21:43:52.641604,0.00011196
2019-04-29 21:43:53.998604,0.00011196
2019-04-29 21:43:55.455604,0.00011196
2019-04-29 21:43:56.841604,0.00011196
2019-04-29 21:43:58.222604,0.00011196
2019-04-29 21:43:59.600604,0.00011196
2019-04-29 21:44:00.971604,0.00011196
2019-04-29 21:44:02.395604,0.00011196
2019-04-29 21:44:03.797604,0.00011196
2019-04-29 21:44:05.213604,0.00011196
2019-04-29 21:44:06.609604,0.00011196
2019-04-29 21:44:08.025604,0.00011196
2019-04-29 21:44:09.352604,0.00011196
2019-04-29 21:44:10.655604,0.00011196
2019-04-29 21:44:12.023604,0.00011196
2019-04-29 21:44:13.428604,0.00011196
2019-04-29 21:44:14.799604,0.00011196
2019-04-29 21:44:16.170604,0.00011196
2019-04-29 21:44:17.562604,0.00011196
2019-04-29 21:44:18.956604,0.00011196
2019-04-29 21:44:20.342604,0.00011196
2019-04-29 21:44:21.678604,0.00011196
2019-04-29 21:44:23.054604,0.00011196
2019-04-29 21:44:24.413604,0.00011196
2019-04-29 21:44:25.735604,0.00011196
2019-04-29 21:44:27.158604,0.00011196
2019-04-29 21:44:28.607604,0.00011196
2019-04-29 21:44:30.022604,0.00011196
2019-04-29 21:44:31.438604,0.00011196
2019-04-29 21:44:32.819604,0.00011196
2019-04-29 21:44:34.254604,0.00011196
2019-04-29 21:44:35.599604,0.00011196
2019-04-29 21:44:37.071604,0.00011196
2019-04-29 21:44:38.455604,0.00011196
2019-04-29 21:44:39.834604,0.00011196
2019-04-29 21:44:41.427604,0.00011196
2019-04-29 21:44:42.759604,0.00011196
2019-04-29 21:44:44.128604,0.00011196
2019-04-29 21:44:45.561604,0.00011196
2019-04-29 21:44:46.968604,0.00011196
2019-04-29 21:44:48.396604,0.00011196
2019-04-29 21:44:49.994604,0.00011196
2019-04-29 21:44:51.339604,0.00011196
2019-04-29 21:44:52.747604,0.00011196
2019-04-29 21:44:54.167604,0.00011196
2019-04-29 21:44:55.479604,0.00011196
2019-04-29 21:44:56.837604,0.00011196
2019-04-29 21:44:58.221604,0.00011196
2019-04-29 21:44:59.637604,0.00011196
2019-04-29 21:45:01.021604,0.00011196
2019-04-29 21:45:02.462604,0.00011196
2019-04-29 21:45:04.323604,0.00011196
2019-04-29 21:45:05.646604,0.00011196
2019-04-29 21:45:07.045604,0.00011196
2019-04-29 21:45:08.479604,0.00011196
2019-04-29 21:45:09.860604,0.00011196
2019-04-29 21:45:11.152604,0.00011196
2019-04-29 21:45:12.546604,0.00011196
2019-04-29 21:45:13.863604,0.00011196
2019-04-29 21:45:15.158604,0.00011196
2019-04-29 21:45:16.575604,0.00011196
2019-04-29 21:45:17.927604,0.00011196
2019-04-29 21:45:19.372604,0.00011196
2019-04-29 21:45:20.817604,0.00011196
2019-04-29 21:45:22.219604,0.00011196
2019-04-29 21:45:23.652604,0.00011196
2019-04-29 21:45:25.035604,0.00011196
2019-04-29 21:45:26.542604,0.00011196
2019-04-29 21:45:27.925604,0.00011196
2019-04-29 21:45:29.365604,0.00011196
2019-04-29 21:45:30.838604,0.00011196
2019-04-29 21:45:32.219604,0.00011196
2019-04-29 21:45:33.580604,0.00011196
2019-04-29 21:45:34.951604,0.00011196
2019-04-29 21:45:36.389604,0.00011196
2019-04-29 21:45:37.753604,0.00011196
2019-04-29 21:45:39.133604,0.00011196
2019-04-29 21:45:40.548604,0.00011196
2019-04-29 21:45:41.879604,0.00011196
2019-04-29 21:45:43.225604,0.00011196
2019-04-29 21:45:44.745604,0.00011196
2019-04-29 21:45:46.172604,0.00011196
2019-04-29 21:45:47.559604,0.00011196
2019-04-29 21:45:49.120604,0.00011196
2019-04-29 21:45:50.703604,0.00011196
2019-04-29 21:45:52.312604,0.00011196
2019-04-29 21:45:53.743604,0.00011196
2019-04-29 21:45:55.080604,0.00011196
2019-04-29 21:45:56.461604,0.00011196
2019-04-29 21:45:57.852604,0.00011196
2019-04-29 21:45:59.208604,0.00011196
2019-04-29 21:46:00.592604,0.00011196
2019-04-29 21:46:02.214604,0.00011196
2019-04-29 21:46:03.617604,0.00011196
2019-04-29 21:46:04.931604,0.00011196
2019-04-29 21:46:06.388604,0.00011196
2019-04-29 21:46:07.689604,0.00011196
2019-04-29 21:46:09.104604,0.00011196
2019-04-29 21:46:10.498604,0.00011196
2019-04-29 21:46:11.896604,0.00011196
2019-04-29 21:46:13.295604,0.00011196
2019-04-29 21:46:14.695604,0.00011196
2019-04-29 21:46:16.034604,0.00011196
2019-04-29 21:46:18.099604,0.00011196
2019-04-29 21:46:19.454604,0.00011196
2019-04-29 21:46:20.826604,0.00011196
2019-04-29 21:46:22.228604,0.00011196
2019-04-29 21:46:23.718604,0.00011196
2019-04-29 21:46:25.078604,0.00011196
2019-04-29 21:46:26.395604,0.00011196
2019-04-29 21:46:27.791604,0.00011196
2019-04-29 21:46:29.231604,0.00011196
2019-04-29 21:46:30.674604,0.00011196
2019-04-29 21:46:32.288604,0.00011196
2019-04-29 21:46:33.685604,0.00011196
2019-04-29 21:46:35.055604,0.00011196
2019-04-29 21:46:36.700604,0.00011196
2019-04-29 21:46:38.086604,0.00011196
2019-04-29 21:46:39.487604,0.00011196
2019-04-29 21:46:40.885604,0.00011196
2019-04-29 21:46:42.285604,0.00011196
2019-04-29 21:46:43.668604,0.00011196
2019-04-29 21:46:45.049604,0.00011196
2019-04-29 21:46:46.393604,0.00011196
2019-04-29 21:46:47.980604,0.00011196
2019-04-29 21:46:49.388604,0.00011196
2019-04-29 21:46:50.798604,0.00011196
2019-04-29 21:46:52.177604,0.00011196
2019-04-29 21:46:54.046604,0.00011196
2019-04-29 21:46:55.472604,0.00011196
2019-04-29 21:46:56.884604,0.00011196
2019-04-29 21:46:58.266604,0.00011196
2019-04-29 21:46:59.750604,0.00011196
2019-04-29 21:47:01.144604,0.00011196
2019-04-29 21:47:02.575604,0.00011196
2019-04-29 21:47:03.882604,0.00011196
2019-04-29 21:47:05.229604,0.00011196
2019-04-29 21:47:06.618604,0.00011196
2019-04-29 21:47:07.992604,0.00011196
2019-04-29 21:47:09.416604,0.00011196
2019-04-29 21:47:10.840604,0.00011196
2019-04-29 21:47:12.219604,0.00011196
2019-04-29 21:47:13.663604,0.00011196
2019-04-29 21:47:15.055604,0.00011196
2019-04-29 21:47:16.440604,0.00011196
2019-04-29 21:47:17.836604,0.00011196
2019-04-29 21:47:19.204604,0.00011196
2019-04-29 21:47:20.613604,0.00011196
2019-04-29 21:47:21.990604,0.00011196
2019-04-29 21:47:23.430604,0.00011196
2019-04-29 21:47:24.793604,0.00011196
2019-04-29 21:47:26.263604,0.00011196
2019-04-29 21:47:27.662604,0.00011196
2019-04-29 21:47:29.068604,0.00011196
2019-04-29 21:47:30.435604,0.00011196
2019-04-29 21:47:31.859604,0.00011196
2019-04-29 21:47:33.269604,0.00011196
2019-04-29 21:47:34.664604,0.00011196
2019-04-29 21:47:36.065604,0.00011196
2019-04-29 21:47:37.498604,0.00011196
2019-04-29 21:47:38.846604,0.00011196
2019-04-29 21:47:40.249604,0.00011196
2019-04-29 21:47:41.646604,0.00011196
2019-04-29 21:47:42.999604,0.00011196
2019-04-29 21:47:44.396604,0.00011196
2019-04-29 21:47:45.775604,0.00011196
2019-04-29 21:47:47.445604,0.00011196
2019-04-29 21:47:48.870604,0.00011196
2019-04-29 21:47:50.265604,0.00011196
2019-04-29 21:47:51.686604,0.00011196
2019-04-29 21:47:53.209604,0.00011196
2019-04-29 21:47:54.513604,0.00011196
2019-04-29 21:47:55.898604,0.00011196
2019-04-29 21:47:57.303604,0.00011196
2019-04-29 21:47:58.676604,0.00011196
2019-04-29 21:48:00.051604,0.00011196
2019-04-29 21:48:01.439604,0.00011196
2019-04-29 21:48:03.123604,0.00011196
2019-04-29 21:48:04.915604,0.00011196
2019-04-29 21:48:06.621604,0.00011196
2019-04-29 21:48:08.020604,0.00011196
2019-04-29 21:48:09.402604,0.00011196
2019-04-29 21:48:10.822604,0.00011196
2019-04-29 21:48:12.120604,0.00011196
2019-04-29 21:48:13.568604,0.00011196
2019-04-29 21:48:14.970604,0.00011196
2019-04-29 21:48:16.376604,0.00011196
2019-04-29 21:48:17.679604,0.00011196
2019-04-29 21:48:19.103604,0.00011196
2019-04-29 21:48:20.453604,0.00011196
2019-04-29 21:48:21.912604,0.00011196
2019-04-29 21:48:23.449604,0.00011196
2019-04-29 21:48:24.892604,0.00011196
2019-04-29 21:48:26.368604,0.00011196
2019-04-29 21:48:27.713604,0.00011196
2019-04-29 21:48:29.097604,0.00011196
2019-04-29 21:48:30.383604,0.00011196
2019-04-29 21:48:31.840604,0.00011196
2019-04-29 21:48:33.148604,0.00011196
2019-04-29 21:48:34.518604,0.00011196
2019-04-29 21:48:36.239604,0.00011196
2019-04-29 21:48:37.610604,0.00011196
2019-04-29 21:48:39.250604,0.00011196
2019-04-29 21:48:40.665604,0.00011196
2019-04-29 21:48:42.411604,0.00011196
2019-04-29 21:48:43.913604,0.00011196
2019-04-29 21:48:45.221604,0.00011196
2019-04-29 21:48:46.768604,0.00011196
2019-04-29 21:48:48.145604,0.00011196
2019-04-29 21:48:49.514604,0.00011196
2019-04-29 21:48:50.916604,0.00011196
2019-04-29 21:48:52.299604,0.00011196
2019-04-29 21:48:53.608604,0.00011196
2019-04-29 21:48:55.069604,0.00011196
2019-04-29 21:48:56.488604,0.00011196
2019-04-29 21:48:57.949604,0.00011196
2019-04-29 21:48:59.590604,0.00011196
2019-04-29 21:49:00.961604,0.00011196
2019-04-29 21:49:02.300604,0.00011196
2019-04-29 21:49:03.670604,0.00011196
2019-04-29 21:49:05.044604,0.00011196
2019-04-29 21:49:06.438604,0.00011196
2019-04-29 21:49:07.812604,0.00011196
2019-04-29 21:49:09.216604,0.00011196
2019-04-29 21:49:10.619604,0.00011196
2019-04-29 21:49:11.962604,0.00011196
2019-04-29 21:49:13.334604,0.00011196
2019-04-29 21:49:14.714604,0.00011196
2019-04-29 21:49:16.101604,0.00011196
2019-04-29 21:49:17.495604,0.00011196
2019-04-29 21:49:18.865604,0.00011196
2019-04-29 21:49:20.266604,0.00011196
2019-04-29 21:49:21.669604,0.00011196
2019-04-29 21:49:23.122604,0.00011196
2019-04-29 21:49:24.556604,0.00011196
2019-04-29 21:49:25.944604,0.00011196
2019-04-29 21:49:27.372604,0.00011196
2019-04-29 21:49:28.942604,0.00011196
2019-04-29 21:49:30.357604,0.00011196
2019-04-29 21:49:31.737604,0.00011196
2019-04-29 21:49:33.163604,0.00011196
2019-04-29 21:49:34.795604,0.00011196
2019-04-29 21:49:36.152604,0.00011196
2019-04-29 21:49:37.543604,0.00011196
2019-04-29 21:49:38.936604,0.00011196
2019-04-29 21:49:40.308604,0.00011196
2019-04-29 21:49:41.664604,0.00011196
2019-04-29 21:49:43.269604,0.00011196
2019-04-29 21:49:44.772604,0.00011196
2019-04-29 21:49:46.352604,0.00011196
2019-04-29 21:49:47.711604,0.00011196
2019-04-29 21:49:49.078604,0.00011196
2019-04-29 21:49:50.429604,0.00011196
2019-04-29 21:49:51.804604,0.00011196
2019-04-29 21:49:53.157604,0.00011196
2019-04-29 21:49:55.337604,0.00011196
2019-04-29 21:49:56.813604,0.00011196
2019-04-29 21:49:58.135604,0.00011196
2019-04-29 21:49:59.552604,0.00011196
2019-04-29 21:50:00.957604,0.00011196
2019-04-29 21:50:02.373604,0.00011196
2019-04-29 21:50:03.698604,0.00011196
2019-04-29 21:50:05.037604,0.00011196
2019-04-29 21:50:06.383604,0.00011196
2019-04-29 21:50:07.764604,0.00011196
2019-04-29 21:50:09.551604,0.00011196
2019-04-29 21:50:10.959604,0.00011196
2019-04-29 21:50:12.347604,0.00011196
2019-04-29 21:50:13.765604,0.00011196
2019-04-29 21:50:15.145604,0.00011196
2019-04-29 21:50:16.582604,0.00011196
2019-04-29 21:50:17.927604,0.00011196
2019-04-29 21:50:19.307604,0.00011196
2019-04-29 21:50:20.684604,0.00011196
2019-04-29 21:50:22.075604,0.00011196
2019-04-29 21:50:23.517604,0.00011196
2019-04-29 21:50:24.904604,0.00011196
2019-04-29 21:50:26.580604,0.00011196
2019-04-29 21:50:27.952604,0.00011196
2019-04-29 21:50:29.394604,0.00011196
2019-04-29 21:50:30.988604,0.00011196
2019-04-29 21:50:32.389604,0.00011196
2019-04-29 21:50:33.867604,0.00011196
2019-04-29 21:50:35.236604,0.00011196
2019-04-29 21:50:36.691604,0.00011196
2019-04-29 21:50:38.091604,0.00011196
2019-04-29 21:50:39.702604,0.00011196
2019-04-29 21:50:41.096604,0.00011196
2019-04-29 21:50:42.783604,0.00011196
2019-04-29 21:50:44.142604,0.00011196
2019-04-29 21:50:45.827604,0.00011196
2019-04-29 21:50:47.219604,0.00011196
2019-04-29 21:50:48.615604,0.00011196
2019-04-29 21:50:50.032604,0.00011196
2019-04-29 21:50:52.004604,0.00011196
2019-04-29 21:50:53.421604,0.00011196
2019-04-29 21:50:54.876604,0.00011196
2019-04-29 21:50:56.177604,0.00011196
2019-04-29 21:50:57.547604,0.00011196
2019-04-29 21:50:58.981604,0.00011196
2019-04-29 21:51:00.481604,0.00011196
2019-04-29 21:51:02.037604,0.00011196
2019-04-29 21:51:03.409604,0.00011196
2019-04-29 21:51:04.793604,0.00011196
2019-04-29 21:51:06.202604,0.00011196
2019-04-29 21:51:07.588604,0.00011196
2019-04-29 21:51:08.939604,0.00011196
2019-04-29 21:51:10.322604,0.00011196
2019-04-29 21:51:11.741604,0.00011196
2019-04-29 21:51:13.121604,0.00011196
2019-04-29 21:51:14.478604,0.00011196
2019-04-29 21:51:16.164604,0.00011196
2019-04-29 21:51:17.572604,0.00011196
2019-04-29 21:51:19.006604,0.00011196
2019-04-29 21:51:20.558604,0.00011196
2019-04-29 21:51:21.982604,0.00011196
2019-04-29 21:51:23.738604,0.00011196
2019-04-29 21:51:25.173604,0.00011196
2019-04-29 21:51:26.577604,0.00011196
2019-04-29 21:51:28.061604,0.00011196
2019-04-29 21:51:29.451604,0.00011196
2019-04-29 21:51:30.894604,0.00011196
2019-04-29 21:51:32.267604,0.00011196
2019-04-29 21:51:33.559604,0.00011196
2019-04-29 21:51:34.923604,0.00011196
2019-04-29 21:51:36.299604,0.00011196
2019-04-29 21:51:37.900604,0.00011196
2019-04-29 21:51:39.506604,0.00011196
2019-04-29 21:51:40.886604,0.00011196
2019-04-29 21:51:42.279604,0.00011196
2019-04-29 21:51:43.646604,0.00011196
2019-04-29 21:51:45.174604,0.00011196
2019-04-29 21:51:46.593604,0.00011196
2019-04-29 21:51:47.994604,0.00011196
2019-04-29 21:51:49.345604,0.00011196
2019-04-29 21:51:50.680604,0.00011196
2019-04-29 21:51:52.078604,0.00011196
2019-04-29 21:51:53.472604,0.00011196
2019-04-29 21:51:54.868604,0.00011196
2019-04-29 21:51:56.251604,0.00011196
2019-04-29 21:51:57.631604,0.00011196
2019-04-29 21:51:59.001604,0.00011196
2019-04-29 21:52:00.350604,0.00011196
2019-04-29 21:52:01.787604,0.00011196
2019-04-29 21:52:03.481604,0.00011196
2019-04-29 21:52:04.867604,0.00011196
2019-04-29 21:52:06.194604,0.00011196
2019-04-29 21:52:07.560604,0.00011196
2019-04-29 21:52:08.966604,0.00011196
2019-04-29 21:52:10.372604,0.00011196
2019-04-29 21:52:12.044604,0.00011196
2019-04-29 21:52:13.448604,0.00011196
2019-04-29 21:52:14.800604,0.00011196
2019-04-29 21:52:16.259604,0.00011196
2019-04-29 21:52:17.600604,0.00011196
2019-04-29 21:52:19.006604,0.00011196
2019-04-29 21:52:20.438604,0.00011196
2019-04-29 21:52:22.218604,0.00011196
2019-04-29 21:52:23.663604,0.00011196
2019-04-29 21:52:25.037604,0.00011196
2019-04-29 21:52:26.438604,0.00011196
2019-04-29 21:52:27.814604,0.00011196
2019-04-29 21:52:29.226604,0.00011196
2019-04-29 21:52:30.734604,0.00011196
2019-04-29 21:52:32.129604,0.00011196
2019-04-29 21:52:33.677604,0.00011196
2019-04-29 21:52:35.008604,0.00011196
2019-04-29 21:52:36.652604,0.00011196
2019-04-29 21:52:38.048604,0.00011196
2019-04-29 21:52:39.474604,0.00011196
2019-04-29 21:52:40.816604,0.00011196
2019-04-29 21:52:42.180604,0.00011196
2019-04-29 21:52:43.577604,0.00011196
2019-04-29 21:52:45.160604,0.00011196
2019-04-29 21:52:46.658604,0.00011196
2019-04-29 21:52:48.022604,0.00011196
2019-04-29 21:52:49.440604,0.00011196
2019-04-29 21:52:50.821604,0.00011196
2019-04-29 21:52:52.145604,0.00011196
2019-04-29 21:52:53.571604,0.00011196
2019-04-29 21:52:55.293604,0.00011196
2019-04-29 21:52:56.602604,0.00011196
2019-04-29 21:52:57.912604,0.00011196
2019-04-29 21:52:59.298604,0.00011196
2019-04-29 21:53:00.617604,0.00011196
2019-04-29 21:53:02.035604,0.00011196
2019-04-29 21:53:03.402604,0.00011196
2019-04-29 21:53:04.919604,0.00011196
2019-04-29 21:53:06.214604,0.00011196
2019-04-29 21:53:07.616604,0.00011196
2019-04-29 21:53:08.934604,0.00011196
2019-04-29 21:53:10.371604,0.00011196
2019-04-29 21:53:11.866604,0.00011196
2019-04-29 21:53:13.304604,0.00011196
2019-04-29 21:53:14.771604,0.00011196
2019-04-29 21:53:16.141604,0.00011196
2019-04-29 21:53:17.564604,0.00011196
2019-04-29 21:53:19.014604,0.00011196
2019-04-29 21:53:20.780604,0.00011196
2019-04-29 21:53:22.148604,0.00011196
2019-04-29 21:53:23.557604,0.00011196
2019-04-29 21:53:24.954604,0.00011196
2019-04-29 21:53:26.323604,0.00011196
2019-04-29 21:53:27.637604,0.00011196
2019-04-29 21:53:28.998604,0.00011196
2019-04-29 21:53:30.332604,0.00011196
2019-04-29 21:53:31.639604,0.00011196
2019-04-29 21:53:33.006604,0.00011196
2019-04-29 21:53:34.355604,0.00011196
2019-04-29 21:53:35.927604,0.00011196
2019-04-29 21:53:37.301604,0.00011196
2019-04-29 21:53:38.677604,0.00011196
2019-04-29 21:53:40.074604,0.00011196
2019-04-29 21:53:41.499604,0.00011196
2019-04-29 21:53:43.235604,0.00011196
2019-04-29 21:53:44.905604,0.00011196
2019-04-29 21:53:46.316604,0.00011196
2019-04-29 21:53:47.675604,0.00011196
2019-04-29 21:53:49.054604,0.00011196
2019-04-29 21:53:50.430604,0.00011196
2019-04-29 21:53:52.038604,0.00011196
2019-04-29 21:53:53.414604,0.00011196
2019-04-29 21:53:54.830604,0.00011196
2019-04-29 21:53:56.229604,0.00011196
2019-04-29 21:53:57.597604,0.00011196
2019-04-29 21:53:59.065604,0.00011196
2019-04-29 21:54:00.403604,0.00011196
2019-04-29 21:54:01.886604,0.00011196
2019-04-29 21:54:03.265604,0.00011196
2019-04-29 21:54:04.599604,0.00011196
2019-04-29 21:54:06.049604,0.00011196
2019-04-29 21:54:07.459604,0.00011196
2019-04-29 21:54:08.845604,0.00011196
2019-04-29 21:54:10.240604,0.00011196
2019-04-29 21:54:11.650604,0.00011196
2019-04-29 21:54:13.061604,0.00011196
2019-04-29 21:54:14.408604,0.00011196
2019-04-29 21:54:15.800604,0.00011196
2019-04-29 21:54:17.168604,0.00011196
2019-04-29 21:54:18.560604,0.00011196
2019-04-29 21:54:19.903604,0.00011196
2019-04-29 21:54:21.321604,0.00011196
2019-04-29 21:54:22.694604,0.00011196
2019-04-29 21:54:24.081604,0.00011196
2019-04-29 21:54:25.467604,0.00011196
2019-04-29 21:54:26.896604,0.00011196
2019-04-29 21:54:28.263604,0.00011196
2019-04-29 21:54:29.655604,0.00011196
2019-04-29 21:54:31.053604,0.00011196
2019-04-29 21:54:32.546604,0.00011196
2019-04-29 21:54:33.917604,0.00011196
2019-04-29 21:54:35.318604,0.00011196
2019-04-29 21:54:36.744604,0.00011196
2019-04-29 21:54:38.109604,0.00011196
2019-04-29 21:54:39.381604,0.00011196
2019-04-29 21:54:40.708604,0.00011196
2019-04-29 21:54:42.078604,0.00011196
2019-04-29 21:54:43.722604,0.00011196
2019-04-29 21:54:45.216604,0.00011196
2019-04-29 21:54:46.605604,0.00011196
2019-04-29 21:54:47.942604,0.00011196
2019-04-29 21:54:49.424604,0.00011196
2019-04-29 21:54:50.843604,0.00011196
2019-04-29 21:54:52.222604,0.00011196
2019-04-29 21:54:53.540604,0.00011196
2019-04-29 21:54:54.952604,0.00011196
2019-04-29 21:54:56.301604,0.00011196
2019-04-29 21:54:57.632604,0.00011196
2019-04-29 21:54:59.089604,0.00011196
2019-04-29 21:55:00.719604,0.00011196
2019-04-29 21:55:02.153604,0.00011196
2019-04-29 21:55:03.584604,0.00011196
2019-04-29 21:55:04.947604,0.00011196
2019-04-29 21:55:06.236604,0.00011196
2019-04-29 21:55:07.608604,0.00011196
2019-04-29 21:55:09.369604,0.00011196
2019-04-29 21:55:10.712604,0.00011196
2019-04-29 21:55:12.022604,0.00011196
2019-04-29 21:55:13.446604,0.00011196
2019-04-29 21:55:14.816604,0.00011196
2019-04-29 21:55:16.216604,0.00011196
2019-04-29 21:55:17.603604,0.00011196
2019-04-29 21:55:18.969604,0.00011196
2019-04-29 21:55:20.394604,0.00011196
2019-04-29 21:55:21.916604,0.00011196
2019-04-29 21:55:23.224604,0.00011196
2019-04-29 21:55:24.677604,0.00011196
2019-04-29 21:55:26.154604,0.00011196
2019-04-29 21:55:27.528604,0.00011196
2019-04-29 21:55:28.866604,0.00011196
2019-04-29 21:55:30.234604,0.00011196
2019-04-29 21:55:31.588604,0.00011196
2019-04-29 21:55:32.977604,0.00011196
2019-04-29 21:55:34.337604,0.00011196
2019-04-29 21:55:35.641604,0.00011196
2019-04-29 21:55:37.037604,0.00011196
2019-04-29 21:55:38.431604,0.00011196
2019-04-29 21:55:40.222604,0.00011196
2019-04-29 21:55:41.708604,0.00011196
2019-04-29 21:55:43.423604,0.00011196
2019-04-29 21:55:44.808604,0.00011196
2019-04-29 21:55:46.221604,0.00011196
2019-04-29 21:55:47.612604,0.00011196
2019-04-29 21:55:48.982604,0.00011196
2019-04-29 21:55:50.380604,0.00011196
2019-04-29 21:55:51.877604,0.00011196
2019-04-29 21:55:53.252604,0.00011196
2019-04-29 21:55:54.635604,0.00011196
2019-04-29 21:55:56.056604,0.00011196
2019-04-29 21:55:57.631604,0.00011196
2019-04-29 21:55:59.010604,0.00011196
2019-04-29 21:56:00.405604,0.00011196
2019-04-29 21:56:01.863604,0.00011196
2019-04-29 21:56:03.511604,0.00011196
2019-04-29 21:56:04.965604,0.00011196
2019-04-29 21:56:06.457604,0.00011196
2019-04-29 21:56:08.014604,0.00011196
2019-04-29 21:56:09.394604,0.00011196
2019-04-29 21:56:10.833604,0.00011196
2019-04-29 21:56:12.260604,0.00011196
2019-04-29 21:56:13.634604,0.00011196
2019-04-29 21:56:15.053604,0.00011196
2019-04-29 21:56:16.813604,0.00011196
2019-04-29 21:56:18.254604,0.00011196
2019-04-29 21:56:19.656604,0.00011196
2019-04-29 21:56:21.075604,0.00011196
2019-04-29 21:56:22.448604,0.00011196
2019-04-29 21:56:23.963604,0.00011196
2019-04-29 21:56:25.359604,0.00011196
2019-04-29 21:56:26.740604,0.00011196
2019-04-29 21:56:28.395604,0.00011196
2019-04-29 21:56:30.043604,0.00011196
2019-04-29 21:56:31.450604,0.00011196
2019-04-29 21:56:32.774604,0.00011196
2019-04-29 21:56:34.212604,0.00011196
2019-04-29 21:56:35.578604,0.00011196
2019-04-29 21:56:36.973604,0.00011196
2019-04-29 21:56:38.369604,0.00011196
2019-04-29 21:56:39.780604,0.00011196
2019-04-29 21:56:41.156604,0.00011196
2019-04-29 21:56:42.712604,0.00011196
2019-04-29 21:56:44.123604,0.00011196
2019-04-29 21:56:45.669604,0.00011196
2019-04-29 21:56:47.054604,0.00011196
2019-04-29 21:56:48.381604,0.00011196
2019-04-29 21:56:49.963604,0.00011196
2019-04-29 21:56:51.318604,0.00011196
2019-04-29 21:56:53.034604,0.00011196
2019-04-29 21:56:54.378604,0.00011196
2019-04-29 21:56:55.896604,0.00011196
2019-04-29 21:56:57.212604,0.00011196
2019-04-29 21:56:58.576604,0.00011196
2019-04-29 21:57:00.022604,0.00011196
2019-04-29 21:57:01.501604,0.00011196
2019-04-29 21:57:03.185604,0.00011196
2019-04-29 21:57:04.587604,0.00011196
2019-04-29 21:57:06.322604,0.00011196
2019-04-29 21:57:07.674604,0.00011196
2019-04-29 21:57:09.066604,0.00011196
2019-04-29 21:57:10.475604,0.00011196
2019-04-29 21:57:11.865604,0.00011196
2019-04-29 21:57:13.158604,0.00011196
2019-04-29 21:57:14.899604,0.00011196
2019-04-29 21:57:16.306604,0.00011196
2019-04-29 21:57:17.731604,0.00011196
2019-04-29 21:57:19.198604,0.00011196
2019-04-29 21:57:20.614604,0.00011196
2019-04-29 21:57:22.368604,0.00011196
2019-04-29 21:57:23.771604,0.00011196
2019-04-29 21:57:25.200604,0.00011196
2019-04-29 21:57:26.709604,0.00011196
2019-04-29 21:57:28.114604,0.00011196
2019-04-29 21:57:29.456604,0.00011196
2019-04-29 21:57:30.824604,0.00011196
2019-04-29 21:57:32.226604,0.00011196
2019-04-29 21:57:33.637604,0.00011196
2019-04-29 21:57:35.162604,0.00011196
2019-04-29 21:57:36.504604,0.00011196
2019-04-29 21:57:37.902604,0.00011196
2019-04-29 21:57:39.335604,0.00011196
2019-04-29 21:57:40.762604,0.00011196
2019-04-29 21:57:42.109604,0.00011196
2019-04-29 21:57:43.433604,0.00011196
2019-04-29 21:57:44.711604,0.00011196
2019-04-29 21:57:46.109604,0.00011196
2019-04-29 21:57:47.549604,0.00011196
2019-04-29 21:57:48.955604,0.00011196
2019-04-29 21:57:50.271604,0.00011196
2019-04-29 21:57:51.621604,0.00011196
2019-04-29 21:57:53.001604,0.00011196
2019-04-29 21:57:54.366604,0.00011196
2019-04-29 21:57:55.877604,0.00011196
2019-04-29 21:57:57.238604,0.00011196
2019-04-29 21:57:58.627604,0.00011196
2019-04-29 21:57:59.994604,0.00011196
2019-04-29 21:58:01.418604,0.00011196
2019-04-29 21:58:02.799604,0.00011196
2019-04-29 21:58:04.181604,0.00011196
2019-04-29 21:58:05.569604,0.00011196
2019-04-29 21:58:06.916604,0.00011196
2019-04-29 21:58:08.390604,0.00011196
2019-04-29 21:58:09.962604,0.00011196
2019-04-29 21:58:11.697604,0.00011196
2019-04-29 21:58:13.093604,0.00011196
2019-04-29 21:58:14.505604,0.00011196
2019-04-29 21:58:16.054604,0.00011196
2019-04-29 21:58:17.470604,0.00011196
2019-04-29 21:58:18.880604,0.00011196
2019-04-29 21:58:20.247604,0.00011196
2019-04-29 21:58:21.895604,0.00011196
2019-04-29 21:58:23.285604,0.00011196
2019-04-29 21:58:24.664604,0.00011196
2019-04-29 21:58:26.847604,0.00011196
2019-04-29 21:58:29.697604,0.00011196
2019-04-29 21:58:31.083604,0.00011196
2019-04-29 21:58:32.469604,0.00011196
2019-04-29 21:58:33.844604,0.00011196
2019-04-29 21:58:35.243604,0.00011196
2019-04-29 21:58:36.818604,0.00011196
2019-04-29 21:58:38.213604,0.00011196
2019-04-29 21:58:39.652604,0.00011196
2019-04-29 21:58:41.060604,0.00011196
2019-04-29 21:58:42.438604,0.00011196
2019-04-29 21:58:43.912604,0.00011196
2019-04-29 21:58:45.416604,0.00011196
2019-04-29 21:58:46.877604,0.00011196
2019-04-29 21:58:48.252604,0.00011196
2019-04-29 21:58:49.639604,0.00011196
2019-04-29 21:58:51.150604,0.00011196
2019-04-29 21:58:52.542604,0.00011196
2019-04-29 21:58:53.929604,0.00011196
2019-04-29 21:58:55.346604,0.00011196
2019-04-29 21:58:56.674604,0.00011196
2019-04-29 21:58:58.091604,0.00011196
2019-04-29 21:58:59.485604,0.00011196
2019-04-29 21:59:00.899604,0.00011196
2019-04-29 21:59:02.255604,0.00011196
2019-04-29 21:59:03.648604,0.00011196
2019-04-29 21:59:05.037604,0.00011196
2019-04-29 21:59:07.103604,0.00011196
2019-04-29 21:59:08.664604,0.00011196
2019-04-29 21:59:10.056604,0.00011196
2019-04-29 21:59:11.470604,0.00011196
2019-04-29 21:59:12.905604,0.00011196
2019-04-29 21:59:14.334604,0.00011196
2019-04-29 21:59:15.687604,0.00011196
2019-04-29 21:59:17.103604,0.00011196
2019-04-29 21:59:18.749604,0.00011196
2019-04-29 21:59:20.311604,0.00011196
2019-04-29 21:59:21.677604,0.00011196
2019-04-29 21:59:23.079604,0.00011196
2019-04-29 21:59:24.473604,0.00011196
2019-04-29 21:59:25.875604,0.00011196
2019-04-29 21:59:27.326604,0.00011196
2019-04-29 21:59:28.967604,0.00011196
2019-04-29 21:59:30.405604,0.00011196
2019-04-29 21:59:32.021604,0.00011196
2019-04-29 21:59:33.400604,0.00011196
2019-04-29 21:59:34.811604,0.00011196
2019-04-29 21:59:36.195604,0.00011196
2019-04-29 21:59:37.514604,0.00011196
2019-04-29 21:59:38.892604,0.00011196
2019-04-29 21:59:40.309604,0.00011196
2019-04-29 21:59:41.809604,0.00011196
2019-04-29 21:59:43.246604,0.00011196
2019-04-29 21:59:44.633604,0.00011196
2019-04-29 21:59:45.959604,0.00011196
2019-04-29 21:59:47.300604,0.00011196
2019-04-29 21:59:48.669604,0.00011196
2019-04-29 21:59:50.086604,0.00011196
2019-04-29 21:59:51.576604,0.00011196
2019-04-29 21:59:53.033604,0.00011196
2019-04-29 21:59:54.446604,0.00011196
2019-04-29 21:59:55.911604,0.00011196
2019-04-29 21:59:57.553604,0.00011196
2019-04-29 21:59:58.943604,0.00011196
2019-04-29 22:00:00.442604,0.00011196
2019-04-29 22:00:01.932604,0.00011196
2019-04-29 22:00:03.356604,0.00011196
2019-04-29 22:00:05.063604,0.00011196
2019-04-29 22:00:06.441604,0.00011196
2019-04-29 22:00:07.825604,0.00011196
2019-04-29 22:00:09.207604,0.00011196
2019-04-29 22:00:10.602604,0.00011196
2019-04-29 22:00:11.937604,0.00011196
2019-04-29 22:00:13.330604,0.00011196
2019-04-29 22:00:14.856604,0.00011196
2019-04-29 22:00:16.212604,0.00011196
2019-04-29 22:00:17.602604,0.00011196
2019-04-29 22:00:19.050604,0.00011196
2019-04-29 22:00:20.444604,0.00011196
2019-04-29 22:00:21.906604,0.00011196
2019-04-29 22:00:23.341604,0.00011196
2019-04-29 22:00:24.685604,0.00011196
2019-04-29 22:00:26.070604,0.00011196
2019-04-29 22:00:27.476604,0.00011196
2019-04-29 22:00:29.034604,0.00011196
2019-04-29 22:00:30.419604,0.00011196
2019-04-29 22:00:32.657604,0.00011196
2019-04-29 22:00:34.026604,0.00011196
2019-04-29 22:00:35.414604,0.00011196
2019-04-29 22:00:36.837604,0.00011196
2019-04-29 22:00:38.478604,0.00011196
2019-04-29 22:00:39.910604,0.00011196
2019-04-29 22:00:41.331604,0.00011196
2019-04-29 22:00:42.629604,0.00011196
2019-04-29 22:00:44.071604,0.00011196
2019-04-29 22:00:45.456604,0.00011196
2019-04-29 22:00:46.841604,0.00011196
2019-04-29 22:00:48.219604,0.00011196
2019-04-29 22:00:49.582604,0.00011196
2019-04-29 22:00:50.990604,0.00011196
2019-04-29 22:00:52.336604,0.00011196
2019-04-29 22:00:53.659604,0.00011196
2019-04-29 22:00:55.054604,0.00011196
2019-04-29 22:00:56.435604,0.00011196
2019-04-29 22:00:57.874604,0.00011196
2019-04-29 22:00:59.473604,0.00011196
2019-04-29 22:01:00.847604,0.00011196
2019-04-29 22:01:02.253604,0.00011196
2019-04-29 22:01:03.661604,0.00011196
2019-04-29 22:01:05.038604,0.00011196
2019-04-29 22:01:06.456604,0.00011196
2019-04-29 22:01:08.119604,0.00011196
2019-04-29 22:01:09.511604,0.00011196
2019-04-29 22:01:10.872604,0.00011196
2019-04-29 22:01:12.208604,0.00011196
2019-04-29 22:01:13.611604,0.00011196
2019-04-29 22:01:15.007604,0.00011196
2019-04-29 22:01:16.385604,0.00011196
2019-04-29 22:01:18.102604,0.00011196
2019-04-29 22:01:19.516604,0.00011196
2019-04-29 22:01:20.896604,0.00011196
2019-04-29 22:01:22.302604,0.00011196
2019-04-29 22:01:23.697604,0.00011196
2019-04-29 22:01:25.339604,0.00011196
2019-04-29 22:01:26.928604,0.00011196
2019-04-29 22:01:28.561604,0.00011196
2019-04-29 22:01:30.028604,0.00011196
2019-04-29 22:01:31.395604,0.00011196
2019-04-29 22:01:32.787604,0.00011196
2019-04-29 22:01:34.182604,0.00011196
2019-04-29 22:01:35.618604,0.00011196
2019-04-29 22:01:37.004604,0.00011196
2019-04-29 22:01:38.388604,0.00011196
2019-04-29 22:01:40.037604,0.00011196
2019-04-29 22:01:41.616604,0.00011196
2019-04-29 22:01:43.033604,0.00011196
2019-04-29 22:01:44.348604,0.00011196
2019-04-29 22:01:45.782604,0.00011196
2019-04-29 22:01:47.168604,0.00011196
2019-04-29 22:01:48.553604,0.00011196
2019-04-29 22:01:49.893604,0.00011196
2019-04-29 22:01:51.299604,0.00011196
2019-04-29 22:01:52.686604,0.00011196
2019-04-29 22:01:54.095604,0.00011196
2019-04-29 22:01:55.493604,0.00011196
2019-04-29 22:01:56.916604,0.00011196
2019-04-29 22:01:58.571604,0.00011196
2019-04-29 22:01:59.960604,0.00011196
2019-04-29 22:02:01.357604,0.00011196
2019-04-29 22:02:02.736604,0.00011196
2019-04-29 22:02:04.347604,0.00011196
2019-04-29 22:02:06.025604,0.00011196
2019-04-29 22:02:07.407604,0.00011196
2019-04-29 22:02:08.893604,0.00011196
2019-04-29 22:02:10.237604,0.00011196
2019-04-29 22:02:11.614604,0.00011196
2019-04-29 22:02:12.998604,0.00011196
2019-04-29 22:02:14.392604,0.00011196
2019-04-29 22:02:15.784604,0.00011196
2019-04-29 22:02:17.194604,0.00011196
2019-04-29 22:02:18.551604,0.00011196
2019-04-29 22:02:19.887604,0.00011196
2019-04-29 22:02:21.264604,0.00011196
2019-04-29 22:02:22.669604,0.00011196
2019-04-29 22:02:24.060604,0.00011196
2019-04-29 22:02:25.510604,0.00011196
2019-04-29 22:02:26.878604,0.00011196
2019-04-29 22:02:28.254604,0.00011196
2019-04-29 22:02:29.644604,0.00011196
2019-04-29 22:02:31.350604,0.00011196
2019-04-29 22:02:32.720604,0.00011196
2019-04-29 22:02:34.151604,0.00011196
2019-04-29 22:02:35.565604,0.00011196
2019-04-29 22:02:36.942604,0.00011196
2019-04-29 22:02:38.334604,0.00011196
2019-04-29 22:02:39.808604,0.00011196
2019-04-29 22:02:41.157604,0.00011196
2019-04-29 22:02:42.441604,0.00011196
2019-04-29 22:02:43.914604,0.00011196
2019-04-29 22:02:45.374604,0.00011196
2019-04-29 22:02:46.762604,0.00011196
2019-04-29 22:02:48.144604,0.00011196
2019-04-29 22:02:49.536604,0.00011196
2019-04-29 22:02:51.063604,0.00011196
2019-04-29 22:02:52.970604,0.00011196
2019-04-29 22:02:54.473604,0.00011196
2019-04-29 22:02:55.849604,0.00011196
2019-04-29 22:02:57.283604,0.00011196
2019-04-29 22:02:58.729604,0.00011196
2019-04-29 22:03:00.160604,0.00011196
2019-04-29 22:03:01.546604,0.00011196
2019-04-29 22:03:02.948604,0.00011196
2019-04-29 22:03:04.399604,0.00011196
2019-04-29 22:03:05.792604,0.00011196
2019-04-29 22:03:07.257604,0.00011196
2019-04-29 22:03:08.656604,0.00011196
2019-04-29 22:03:10.010604,0.00011196
2019-04-29 22:03:11.464604,0.00011196
2019-04-29 22:03:12.880604,0.00011196
2019-04-29 22:03:14.306604,0.00011196
2019-04-29 22:03:15.654604,0.00011196
2019-04-29 22:03:17.051604,0.00011196
2019-04-29 22:03:18.784604,0.00011196
2019-04-29 22:03:20.199604,0.00011196
2019-04-29 22:03:21.594604,0.00011196
2019-04-29 22:03:23.023604,0.00011196
2019-04-29 22:03:24.393604,0.00011196
2019-04-29 22:03:25.845604,0.00011196
2019-04-29 22:03:27.239604,0.00011196
2019-04-29 22:03:28.613604,0.00011196
2019-04-29 22:03:30.045604,0.00011196
2019-04-29 22:03:31.456604,0.00011196
2019-04-29 22:03:32.836604,0.00011196
2019-04-29 22:03:34.194604,0.00011196
2019-04-29 22:03:35.627604,0.00011196
2019-04-29 22:03:37.059604,0.00011196
2019-04-29 22:03:38.429604,0.00011196
2019-04-29 22:03:39.865604,0.00011196
2019-04-29 22:03:41.259604,0.00011196
2019-04-29 22:03:42.643604,0.00011196
2019-04-29 22:03:44.032604,0.00011196
2019-04-29 22:03:45.415604,0.00011196
2019-04-29 22:03:46.792604,0.00011196
2019-04-29 22:03:48.222604,0.00011196
2019-04-29 22:03:49.567604,0.00011196
2019-04-29 22:03:51.017604,0.00011196
2019-04-29 22:03:52.440604,0.00011196
2019-04-29 22:03:53.816604,0.00011196
2019-04-29 22:03:55.330604,0.00011196
2019-04-29 22:03:56.723604,0.00011196
2019-04-29 22:03:58.050604,0.00011196
2019-04-29 22:03:59.454604,0.00011196
2019-04-29 22:04:00.776604,0.00011196
2019-04-29 22:04:02.198604,0.00011196
2019-04-29 22:04:03.505604,0.00011196
2019-04-29 22:04:04.899604,0.00011196
2019-04-29 22:04:06.300604,0.00011196
2019-04-29 22:04:07.694604,0.00011196
2019-04-29 22:04:09.057604,0.00011196
2019-04-29 22:04:10.385604,0.00011196
2019-04-29 22:04:12.023604,0.00011196
2019-04-29 22:04:13.481604,0.00011196
2019-04-29 22:04:14.851604,0.00011196
2019-04-29 22:04:16.234604,0.00011196
2019-04-29 22:04:17.963604,0.00011196
2019-04-29 22:04:19.364604,0.00011196
2019-04-29 22:04:20.779604,0.00011196
2019-04-29 22:04:22.137604,0.00011196
2019-04-29 22:04:23.634604,0.00011196
2019-04-29 22:04:25.042604,0.00011196
2019-04-29 22:04:26.472604,0.00011196
2019-04-29 22:04:28.008604,0.00011196
2019-04-29 22:04:29.343604,0.00011196
2019-04-29 22:04:30.750604,0.00011196
2019-04-29 22:04:32.144604,0.00011196
2019-04-29 22:04:33.475604,0.00011196
2019-04-29 22:04:34.890604,0.00011196
2019-04-29 22:04:36.325604,0.00011196
2019-04-29 22:04:37.762604,0.00011196
2019-04-29 22:04:39.153604,0.00011196
2019-04-29 22:04:40.499604,0.00011196
2019-04-29 22:04:41.896604,0.00011196
2019-04-29 22:04:43.319604,0.00011196
2019-04-29 22:04:44.687604,0.00011196
2019-04-29 22:04:46.373604,0.00011196
2019-04-29 22:04:47.812604,0.00011196
2019-04-29 22:04:50.332604,0.00011196
2019-04-29 22:04:51.865604,0.00011196
2019-04-29 22:04:53.229604,0.00011196
2019-04-29 22:04:54.653604,0.00011196
2019-04-29 22:04:56.203604,0.00011196
2019-04-29 22:04:57.591604,0.00011196
2019-04-29 22:04:58.980604,0.00011196
2019-04-29 22:05:00.349604,0.00011196
2019-04-29 22:05:01.987604,0.00011196
2019-04-29 22:05:03.440604,0.00011196
2019-04-29 22:05:04.876604,0.00011196
2019-04-29 22:05:06.235604,0.00011196
2019-04-29 22:05:07.649604,0.00011196
2019-04-29 22:05:09.067604,0.00011196
2019-04-29 22:05:10.480604,0.00011196
2019-04-29 22:05:12.170604,0.00011196
2019-04-29 22:05:13.635604,0.00011196
2019-04-29 22:05:15.015604,0.00011196
2019-04-29 22:05:16.610604,0.00011196
2019-04-29 22:05:17.929604,0.00011196
2019-04-29 22:05:19.392604,0.00011196
2019-04-29 22:05:20.781604,0.00011196
2019-04-29 22:05:22.180604,0.00011196
2019-04-29 22:05:23.608604,0.00011196
2019-04-29 22:05:25.045604,0.00011196
2019-04-29 22:05:26.495604,0.00011196
2019-04-29 22:05:27.885604,0.00011196
2019-04-29 22:05:29.224604,0.00011196
2019-04-29 22:05:30.818604,0.00011196
2019-04-29 22:05:32.403604,0.00011196
2019-04-29 22:05:34.090604,0.00011196
2019-04-29 22:05:35.478604,0.00011196
2019-04-29 22:05:36.985604,0.00011196
2019-04-29 22:05:38.392604,0.00011196
2019-04-29 22:05:39.794604,0.00011196
2019-04-29 22:05:41.250604,0.00011196
2019-04-29 22:05:42.613604,0.00011196
2019-04-29 22:05:44.088604,0.00011196
2019-04-29 22:05:45.459604,0.00011196
2019-04-29 22:05:46.913604,0.00011196
2019-04-29 22:05:48.341604,0.00011196
2019-04-29 22:05:49.846604,0.00011196
2019-04-29 22:05:51.221604,0.00011196
2019-04-29 22:05:52.818604,0.00011196
2019-04-29 22:05:54.191604,0.00011196
2019-04-29 22:05:55.629604,0.00011196
2019-04-29 22:05:56.932604,0.00011196
2019-04-29 22:05:58.304604,0.00011196
2019-04-29 22:05:59.865604,0.00011196
2019-04-29 22:06:01.313604,0.00011196
2019-04-29 22:06:02.695604,0.00011196
2019-04-29 22:06:04.157604,0.00011196
2019-04-29 22:06:05.598604,0.00011196
2019-04-29 22:06:07.127604,0.00011196
2019-04-29 22:06:08.659604,0.00011196
2019-04-29 22:06:10.019604,0.00011196
2019-04-29 22:06:11.470604,0.00011196
2019-04-29 22:06:13.040604,0.00011196
2019-04-29 22:06:14.475604,0.00011196
2019-04-29 22:06:16.095604,0.00011196
2019-04-29 22:06:17.523604,0.00011196
2019-04-29 22:06:18.902604,0.00011196
2019-04-29 22:06:20.273604,0.00011196
2019-04-29 22:06:21.599604,0.00011196
2019-04-29 22:06:23.020604,0.00011196
2019-04-29 22:06:24.424604,0.00011196
2019-04-29 22:06:26.528604,0.00011196
2019-04-29 22:06:27.965604,0.00011196
2019-04-29 22:06:29.369604,0.00011196
2019-04-29 22:06:30.787604,0.00011196
2019-04-29 22:06:32.172604,0.00011196
2019-04-29 22:06:33.586604,0.00011196
2019-04-29 22:06:34.971604,0.00011196
2019-04-29 22:06:36.421604,0.00011196
2019-04-29 22:06:37.918604,0.00011196
2019-04-29 22:06:39.301604,0.00011196
2019-04-29 22:06:40.729604,0.00011196
2019-04-29 22:06:42.129604,0.00011196
2019-04-29 22:06:43.812604,0.00011196
2019-04-29 22:06:45.146604,0.00011196
2019-04-29 22:06:46.450604,0.00011196
2019-04-29 22:06:47.815604,0.00011196
2019-04-29 22:06:49.190604,0.00011196
2019-04-29 22:06:50.630604,0.00011196
2019-04-29 22:06:52.531604,0.00011196
2019-04-29 22:06:54.296604,0.00011196
2019-04-29 22:06:55.698604,0.00011196
2019-04-29 22:06:57.131604,0.00011196
2019-04-29 22:06:58.841604,0.00011196
2019-04-29 22:07:00.274604,0.00011196
2019-04-29 22:07:02.101604,0.00011196
2019-04-29 22:07:03.519604,0.00011196
2019-04-29 22:07:04.940604,0.00011196
2019-04-29 22:07:06.334604,0.00011196
2019-04-29 22:07:07.663604,0.00011196
2019-04-29 22:07:09.058604,0.00011196
2019-04-29 22:07:10.458604,0.00011196
2019-04-29 22:07:11.950604,0.00011196
2019-04-29 22:07:13.329604,0.00011196
2019-04-29 22:07:14.965604,0.00011196
2019-04-29 22:07:16.360604,0.00011196
2019-04-29 22:07:17.764604,0.00011196
2019-04-29 22:07:19.167604,0.00011196
2019-04-29 22:07:20.582604,0.00011196
2019-04-29 22:07:22.266604,0.00011196
2019-04-29 22:07:23.729604,0.00011196
2019-04-29 22:07:25.753604,0.00011196
2019-04-29 22:07:27.116604,0.00011196
2019-04-29 22:07:28.582604,0.00011196
2019-04-29 22:07:29.985604,0.00011196
2019-04-29 22:07:31.472604,0.00011196
2019-04-29 22:07:32.895604,0.00011196
2019-04-29 22:07:34.337604,0.00011196
2019-04-29 22:07:35.749604,0.00011196
2019-04-29 22:07:37.172604,0.00011196
2019-04-29 22:07:38.851604,0.00011196
2019-04-29 22:07:40.247604,0.00011196
2019-04-29 22:07:41.704604,0.00011196
2019-04-29 22:07:43.101604,0.00011196
2019-04-29 22:07:44.672604,0.00011196
2019-04-29 22:07:46.543604,0.00011196
2019-04-29 22:07:47.888604,0.00011196
2019-04-29 22:07:49.311604,0.00011196
2019-04-29 22:07:50.986604,0.00011196
2019-04-29 22:07:52.427604,0.00011196
2019-04-29 22:07:53.998604,0.00011196
2019-04-29 22:07:55.814604,0.00011196
2019-04-29 22:07:57.192604,0.00011196
2019-04-29 22:07:58.581604,0.00011196
2019-04-29 22:07:59.984604,0.00011196
2019-04-29 22:08:01.472604,0.00011196
2019-04-29 22:08:02.840604,0.00011196
2019-04-29 22:08:04.272604,0.00011196
2019-04-29 22:08:05.707604,0.00011196
2019-04-29 22:08:07.103604,0.00011196
2019-04-29 22:08:08.480604,0.00011196
2019-04-29 22:08:09.930604,0.00011196
2019-04-29 22:08:11.333604,0.00011196
2019-04-29 22:08:12.786604,0.00011196
2019-04-29 22:08:14.551604,0.00011196
2019-04-29 22:08:15.945604,0.00011196
2019-04-29 22:08:17.311604,0.00011196
2019-04-29 22:08:18.690604,0.00011196
2019-04-29 22:08:20.026604,0.00011196
2019-04-29 22:08:21.425604,0.00011196
2019-04-29 22:08:22.816604,0.00011196
2019-04-29 22:08:24.262604,0.00011196
2019-04-29 22:08:26.404604,0.00011196
2019-04-29 22:08:27.815604,0.00011196
2019-04-29 22:08:29.327604,0.00011196
2019-04-29 22:08:30.715604,0.00011196
2019-04-29 22:08:32.139604,0.00011196
2019-04-29 22:08:33.549604,0.00011196
2019-04-29 22:08:35.017604,0.00011196
2019-04-29 22:08:36.703604,0.00011196
2019-04-29 22:08:38.115604,0.00011196
2019-04-29 22:08:39.498604,0.00011196
2019-04-29 22:08:40.894604,0.00011196
2019-04-29 22:08:42.827604,0.00011196
2019-04-29 22:08:44.203604,0.00011196
2019-04-29 22:08:45.641604,0.00011196
2019-04-29 22:08:47.051604,0.00011196
2019-04-29 22:08:48.675604,0.00011196
2019-04-29 22:08:50.012604,0.00011196
2019-04-29 22:08:51.411604,0.00011196
2019-04-29 22:08:52.802604,0.00011196
2019-04-29 22:08:54.128604,0.00011196
2019-04-29 22:08:55.523604,0.00011196
2019-04-29 22:08:56.939604,0.00011196
2019-04-29 22:08:58.341604,0.00011196
2019-04-29 22:08:59.991604,0.00011196
2019-04-29 22:09:01.541604,0.00011196
2019-04-29 22:09:03.084604,0.00011196
2019-04-29 22:09:04.508604,0.00011196
2019-04-29 22:09:05.920604,0.00011196
2019-04-29 22:09:07.302604,0.00011196
2019-04-29 22:09:08.665604,0.00011196
2019-04-29 22:09:10.057604,0.00011196
2019-04-29 22:09:11.437604,0.00011196
2019-04-29 22:09:13.281604,0.00011196
2019-04-29 22:09:14.876604,0.00011196
2019-04-29 22:09:16.348604,0.00011196
2019-04-29 22:09:17.710604,0.00011196
2019-04-29 22:09:19.148604,0.00011196
2019-04-29 22:09:21.042604,0.00011196
2019-04-29 22:09:22.429604,0.00011196
2019-04-29 22:09:23.879604,0.00011196
2019-04-29 22:09:25.254604,0.00011196
2019-04-29 22:09:26.636604,0.00011196
2019-04-29 22:09:28.042604,0.00011196
2019-04-29 22:09:30.184604,0.00011196
2019-04-29 22:09:31.640604,0.00011196
2019-04-29 22:09:33.035604,0.00011196
2019-04-29 22:09:34.462604,0.00011196
2019-04-29 22:09:36.036604,0.00011196
2019-04-29 22:09:37.419604,0.00011196
2019-04-29 22:09:38.756604,0.00011196
2019-04-29 22:09:40.185604,0.00011196
2019-04-29 22:09:41.567604,0.00011196
2019-04-29 22:09:43.031604,0.00011196
2019-04-29 22:09:44.504604,0.00011196
2019-04-29 22:09:45.890604,0.00011196
2019-04-29 22:09:47.197604,0.00011196
2019-04-29 22:09:48.630604,0.00011196
2019-04-29 22:09:50.046604,0.00011196
2019-04-29 22:09:51.370604,0.00011196
2019-04-29 22:09:53.038604,0.00011196
2019-04-29 22:09:54.475604,0.00011196
2019-04-29 22:09:55.872604,0.00011196
2019-04-29 22:09:57.189604,0.00011196
2019-04-29 22:09:58.695604,0.00011196
2019-04-29 22:10:00.104604,0.00011196
2019-04-29 22:10:01.517604,0.00011196
2019-04-29 22:10:02.955604,0.00011196
2019-04-29 22:10:04.379604,0.00011196
2019-04-29 22:10:05.745604,0.00011196
2019-04-29 22:10:07.330604,0.00011196
2019-04-29 22:10:08.770604,0.00011196
2019-04-29 22:10:10.166604,0.00011196
2019-04-29 22:10:11.573604,0.00011196
2019-04-29 22:10:13.271604,0.00011196
2019-04-29 22:10:14.679604,0.00011196
2019-04-29 22:10:16.121604,0.00011196
2019-04-29 22:10:17.583604,0.00011196
2019-04-29 22:10:18.969604,0.00011196
2019-04-29 22:10:20.361604,0.00011196
2019-04-29 22:10:21.677604,0.00011196
2019-04-29 22:10:23.112604,0.00011196
2019-04-29 22:10:24.437604,0.00011196
2019-04-29 22:10:25.814604,0.00011196
2019-04-29 22:10:27.227604,0.00011196
2019-04-29 22:10:28.928604,0.00011196
2019-04-29 22:10:30.277604,0.00011196
2019-04-29 22:10:31.651604,0.00011196
2019-04-29 22:10:33.447604,0.00011196
2019-04-29 22:10:34.833604,0.00011196
2019-04-29 22:10:36.162604,0.00011196
2019-04-29 22:10:37.554604,0.00011196
2019-04-29 22:10:38.956604,0.00011196
2019-04-29 22:10:40.414604,0.00011196
2019-04-29 22:10:41.901604,0.00011196
2019-04-29 22:10:43.256604,0.00011196
2019-04-29 22:10:44.645604,0.00011196
2019-04-29 22:10:45.989604,0.00011196
2019-04-29 22:10:47.391604,0.00011196
2019-04-29 22:10:48.758604,0.00011196
2019-04-29 22:10:50.176604,0.00011196
2019-04-29 22:10:51.522604,0.00011196
2019-04-29 22:10:52.906604,0.00011196
2019-04-29 22:10:54.264604,0.00011196
2019-04-29 22:10:55.751604,0.00011196
2019-04-29 22:10:57.100604,0.00011196
2019-04-29 22:10:58.602604,0.00011196
2019-04-29 22:11:00.079604,0.00011196
2019-04-29 22:11:01.488604,0.00011196
